samples,type,1007_s_at,1053_at,117_at,121_at,1255_g_at,1294_at,1316_at,1320_at,1405_i_at,1431_at,1438_at,1487_at,1494_f_at,1598_g_at,160020_at,1729_at,177_at,1773_at,179_at,1861_at,200000_s_at,200001_at,200002_at,200003_s_at,200005_at
GSM705467.CEL.gz,B-CELL_ALL,7.409520682,5.009216246,4.173606735,7.315369236,3.185410808,7.62064361,3.731540593,3.47158727,4.167373666,2.873571932,5.445220412,5.18462809,5.309617891,7.233542016,6.358732862,5.773415349,3.999101004,3.780022885,7.237078341,3.965519781,8.189037189,8.2665144,10.11804672,11.02887322,8.616390119
GSM705468.CEL.gz,B-CELL_ALL,7.177108642,5.415108463,4.426777651,7.550818221,3.134180874,7.685722806,3.907953413,3.650995307,3.860015396,2.900938479,5.784837944,5.396986875,5.474059319,7.216766696,6.671844309,5.450916262,4.04682684,3.887607884,7.705017381,3.954371545,7.73745537,8.120266306,9.989794045,10.72213825,8.479055259
GSM705469.CEL.gz,B-CELL_ALL,6.564917856,5.248019986,4.252414496,7.175169234,3.017717714,7.956260706,3.354557213,3.302988965,3.335324364,2.811930999,5.678698366,5.373462961,5.126166968,6.645015648,6.110936213,5.751456124,4.031008693,3.60741428,7.108283606,3.900390123,8.242702435,8.794656794,10.10257915,11.27136919,8.880747495
GSM705470.CEL.gz,B-CELL_ALL,6.872028436,5.155963077,4.388849489,7.365933077,3.031735205,7.830002069,3.508926321,3.412491079,3.439768989,2.910714826,5.669136171,5.329648194,5.188253685,6.98150121,6.354698502,5.924921793,4.117466533,3.722786129,7.400117317,4.498446013,8.168998547,9.198414881,9.87067945,10.78874844,8.792993992
GSM705471.CEL.gz,B-CELL_ALL,7.40210521,5.509825979,4.2842914,7.214946696,2.925269262,7.789838494,3.610424981,3.362593239,3.412094832,2.876958628,5.649832429,5.263191078,5.183591799,7.018048192,6.33752301,5.784355907,3.816766888,3.798363702,7.323296898,4.287981307,8.155643492,8.785903248,9.830013278,11.04851945,9.004140597
GSM705472.CEL.gz,B-CELL_ALL,6.387254463,5.089038255,4.342049749,7.403697807,3.054610334,7.453701854,3.670285977,3.426089367,3.542116237,2.93433876,5.810242586,5.354086812,5.262807325,7.415385903,6.514658328,5.641418265,3.886194159,3.767771732,7.586854403,4.414744477,7.833223623,8.960914085,9.836616474,10.65057413,8.593403665
GSM705473.CEL.gz,B-CELL_ALL,7.030861328,5.125398853,4.348909744,7.144132321,3.089402638,7.392794364,3.597577927,3.334075525,3.225076064,2.961967439,5.469742909,5.482642938,5.161340148,7.371324463,6.198790202,5.720607416,4.291424692,3.889233543,7.517147061,4.381297845,8.85008856,7.804023773,9.7374609,10.77859291,8.610254308
GSM705475.CEL.gz,B-CELL_ALL,6.569932647,5.185533476,4.202338971,7.190840345,2.960475231,7.517110166,3.620220841,3.282547958,3.42324887,2.800620853,5.89377992,5.414807336,5.42354176,7.236448102,6.303493003,5.65794606,4.164016443,3.793302867,7.260518484,4.305973506,8.2040963,7.825252256,10.23479382,11.15344192,8.381825902
GSM705476.CEL.gz,B-CELL_ALL,6.717971507,4.903391645,4.528628809,7.127916504,2.9447245,6.660578533,3.403736755,3.313721594,3.085479724,2.82095581,6.17875324,5.06484014,4.935154918,7.520413665,6.06027581,5.679160372,3.753706271,4.376078733,7.090191019,4.267743921,8.56931298,8.561176193,9.666986843,11.18560444,9.387699432
GSM705482.CEL.gz,B-CELL_ALL,7.041219698,5.519474703,4.219511879,7.101712714,3.030445721,7.607639053,3.497984873,3.261765069,3.677626802,2.810246159,5.427897605,5.277053334,4.836569092,7.022162526,6.239690101,5.582690672,3.793196668,3.669880821,6.976402901,4.16460959,8.270676859,8.953673126,10.29751874,11.01499643,8.915551731
GSM705483.CEL.gz,B-CELL_ALL,6.17284482,5.451935989,4.280570042,7.118963036,2.900739808,7.452890256,3.467506472,3.282173657,3.135940317,2.71040538,5.649188882,5.21711185,4.989039261,7.56197788,6.176016043,5.830190367,3.898138562,3.754479542,7.305039076,4.086554868,8.398074322,9.081502643,10.27220033,10.92780715,9.016979696
GSM705484.CEL.gz,B-CELL_ALL,6.340576576,4.969570274,4.297675732,7.194848723,3.034534829,7.610223398,3.45725583,3.328661114,3.874822912,2.981163751,5.405885096,5.53678279,5.091560488,6.944645889,6.290247818,5.796468255,3.96593794,3.837031364,7.271900082,3.910147295,8.474669741,8.942773399,10.17497476,10.92777381,8.822528288
GSM705485.CEL.gz,B-CELL_ALL,8.2075251,5.556874308,4.323907596,6.814461057,2.840271466,7.452622972,3.368916237,3.259696586,3.700612849,2.794982977,5.418574207,5.101387813,4.636743043,7.123637834,6.005564886,5.770125126,3.778030168,3.738611708,6.74259561,3.948590895,8.470356303,8.434282211,9.956075096,10.66249898,9.081981017
GSM705486.CEL.gz,B-CELL_ALL,6.349756558,5.261535336,4.290585562,7.210317685,2.929633806,7.664974875,3.491865489,3.324162735,5.405843292,2.752104445,5.432899658,5.138144946,5.135615916,6.857760735,6.256736136,5.815786733,3.801666399,3.988635756,7.118800581,4.373927718,8.094242649,8.596760774,10.27525321,11.0496643,9.029879859
GSM705487.CEL.gz,B-CELL_ALL,6.466029622,5.509400113,4.434813524,7.552974968,2.961733214,7.654732262,3.502466696,3.21892459,3.16680828,3.007142835,5.633692254,5.459735389,5.211816011,7.119814505,6.426334615,5.599249904,3.922178924,4.041267343,7.421045564,4.167011355,8.47668289,8.930353069,10.31898296,11.10901377,9.33123063
GSM705488.CEL.gz,B-CELL_ALL,6.447155879,4.974063789,4.582874645,7.263850844,2.957267065,7.452210794,3.563408154,3.460760913,5.800804013,2.815592441,5.630555915,5.622949356,5.192430092,6.943327695,6.116047794,5.77330461,4.243808056,4.224176376,7.448608973,4.196535874,8.091191426,8.992446657,9.992909644,10.71349935,8.886296276
GSM705648.CEL.gz,B-CELL_ALL,6.842896998,5.560631128,4.159235237,6.803333392,2.874805767,7.414301054,3.513293598,3.229067071,4.91861021,2.968595675,5.388889694,5.226731591,5.049242843,6.674261583,6.215447878,5.5030357,3.822916695,3.802270209,7.256434351,4.725873724,8.69875923,8.663342794,9.815506428,10.77859291,8.743133431
GSM705649.CEL.gz,B-CELL_ALL,6.71673933,5.316236219,5.25021005,7.440809825,3.091318877,6.839609419,3.746819325,3.408439592,3.833550283,2.862480011,5.638818879,5.341178019,5.39947868,7.092655606,6.292854787,5.7174158,4.128633627,4.322572195,7.206440336,4.022347911,8.05091152,8.137759095,10.4350535,11.08458737,8.906751016
GSM705650.CEL.gz,B-CELL_ALL,7.022378773,5.441341388,4.238766193,7.250990393,3.085080894,7.963096936,3.693503444,3.331165301,4.367427285,2.966614222,5.489254378,5.335243703,5.463904525,7.081602098,6.374717242,5.897955468,3.967575347,3.76057662,7.18721205,3.811094528,8.14799761,8.169470152,9.923512491,11.2087557,8.855085285
GSM705651.CEL.gz,B-CELL_ALL,5.977973234,5.487707024,4.363162361,6.639985059,2.800598834,7.214822804,3.082067658,3.228692412,3.647694033,2.91782686,5.161232239,5.35744059,4.619235028,6.378512942,5.695198169,5.394560767,3.749056885,3.739748875,6.932473414,4.39703355,8.801323553,8.949601106,10.24463874,11.04257869,9.102750448
GSM705652.CEL.gz,B-CELL_ALL,6.277434927,5.435869704,4.439611814,7.060179693,2.991404147,7.589038335,3.636969919,3.402926498,3.69432678,2.782194945,6.605966007,5.407046808,5.219640856,6.948436307,6.355977154,5.76312196,4.151404408,3.825306285,7.357161917,4.334115199,8.5261693,9.206365627,10.05305638,11.28485685,8.702053043
GSM705653.CEL.gz,B-CELL_ALL,6.259410432,5.140573277,4.526062849,7.345486398,3.014388235,6.902120708,3.711249204,3.38638703,3.977205747,2.98929337,5.89262008,5.768336907,5.380265167,6.940955712,6.395030033,5.753554284,4.049830021,3.81643849,7.616384413,4.419714056,7.654335619,8.644462124,10.23194822,10.88947178,8.732711056
GSM705654.CEL.gz,B-CELL_ALL,7.284016992,4.864091174,4.43361241,7.533528927,3.24673605,6.741270754,3.75748777,3.401802367,3.462725913,2.911728251,5.872704548,5.500505505,5.52031676,6.983901771,6.636555727,5.444032048,4.10825254,3.70361987,7.655575934,3.884727153,7.899192027,8.061523647,9.926200178,10.80493944,8.543290594
GSM705655.CEL.gz,B-CELL_ALL,6.385263911,5.432886666,4.488993533,7.207315818,2.976111102,7.751476137,3.563207385,3.380096023,4.177608252,2.989306174,5.655304293,5.43954922,5.338106059,6.987212211,6.471715248,5.57214809,4.026150655,3.768123819,7.46858172,4.189325377,8.13533146,8.269703507,9.628228113,10.76339436,8.465985248
GSM705657.CEL.gz,B-CELL_ALL,5.973209185,5.033717119,4.641604563,7.449535342,3.047018152,5.938562973,3.512413678,3.362537516,3.786648956,2.775318949,5.919142547,5.543602944,5.395698437,7.309498474,6.759026304,5.50987034,4.111076381,3.928018971,7.599274603,4.740284657,7.819049383,8.173218507,9.248578347,10.13379631,8.09031404
GSM705658.CEL.gz,B-CELL_ALL,6.788468188,5.115127229,4.596745775,7.651833007,3.164405597,6.754335925,3.766623917,3.28208334,3.674362653,2.956188101,6.215769698,5.321064674,5.384388798,7.220595162,6.414530788,5.87574438,4.065885572,3.660850616,7.57266687,3.98800977,7.77832503,8.15087879,8.332060846,10.10696477,7.779327539
GSM705659.CEL.gz,B-CELL_ALL,6.942259972,5.593682296,4.284085843,7.181732447,3.043544021,7.411939068,3.781661622,3.466446508,3.735046348,2.879249075,5.610286104,5.145168654,5.251114749,6.948124335,6.032286256,5.937895348,3.844738421,3.968191512,7.521289073,4.319462034,8.357641112,8.240523764,10.10458906,11.03434567,8.643352915
GSM705660.CEL.gz,B-CELL_ALL,7.685252152,5.035434566,4.39575623,7.347338902,3.069934135,7.827092773,3.698233365,3.360902265,3.499382377,3.047694931,5.574581848,5.241032463,5.424707774,7.087497984,6.469263945,5.770347158,3.914664499,3.816056388,7.573437199,4.273695135,7.691588734,8.460357557,9.471930337,10.76656707,7.865828659
GSM705661.CEL.gz,B-CELL_ALL,6.472044767,5.31520314,4.1095656,6.860435728,3.016748808,7.139881612,3.456459373,3.352569841,3.633549889,2.762340669,5.189474155,5.134676971,5.186381948,6.575683117,6.101736375,5.79302053,3.685786069,3.883170463,7.103529731,3.911797251,8.297607537,8.242754554,10.39247806,10.9372735,8.933085039
GSM705663.CEL.gz,B-CELL_ALL,7.622891798,5.21893708,4.421239906,7.041301803,3.215621347,7.487233549,3.615047879,3.218333132,3.515726181,2.832155063,5.457244012,5.385065495,5.296886067,6.924457747,6.285945561,5.604290584,4.079366686,3.75169247,7.380419447,3.894918198,8.363409074,8.058794313,10.49753848,10.94777201,9.452529972
GSM705664.CEL.gz,B-CELL_ALL,6.353859313,5.470661681,4.189871557,7.188585764,2.927092008,6.972800455,3.577323879,3.309987388,3.273623079,2.724730028,5.356390638,5.309859786,5.259721369,6.855582249,6.275554791,5.622371985,4.120004799,3.790210494,7.506650205,4.295647624,8.074502193,8.229544046,10.01296937,10.84100108,9.502372197
GSM705665.CEL.gz,B-CELL_ALL,7.145588357,5.361646255,4.489234952,6.955101854,3.024483304,8.142754365,3.308942956,3.277603789,3.873220616,2.881841188,5.405405091,5.594216555,5.148740669,7.432838013,6.191029046,5.926817565,4.116333162,3.886998317,7.122289302,3.926469708,8.483051246,8.62159809,10.31003996,11.32207166,9.09578932
GSM705673.CEL.gz,B-CELL_ALL,6.257433287,5.568800658,4.106376263,6.945125833,3.15827809,6.584591012,3.549108175,3.620103377,3.439995884,2.797745728,5.741814742,5.147082982,5.212880698,6.734463746,6.12978847,5.544372989,4.018930284,4.004733454,7.584806367,4.439001696,7.810463356,8.431169889,10.20070934,11.20221579,8.347093995
GSM705712.CEL.gz,B-CELL_ALL,6.656670621,5.008428292,4.219299217,7.192417794,3.090354779,7.749096835,3.60706936,3.194340481,3.25294157,2.958522086,5.430211513,5.44478674,5.322572805,6.80664224,6.354240546,5.784945042,4.031271401,4.092090733,7.242879328,4.015335609,8.349010164,8.373768701,9.906025268,10.94274759,8.596426855
GSM705715.CEL.gz,B-CELL_ALL,6.264356458,4.954681809,5.288396557,7.495122207,2.94046371,6.734971229,3.769361365,3.578168619,3.514958409,2.915175394,6.109425416,5.241186843,5.394072301,7.12274698,6.650192869,5.354322806,4.113380309,3.748550748,7.572218101,4.314005356,7.648479519,8.259337695,9.934793447,10.80033513,8.770493131
GSM705717.CEL.gz,B-CELL_ALL,6.314781968,4.959738198,4.343416531,7.385215714,3.020639302,8.000982843,3.596510106,3.271986511,3.06918722,2.885151612,5.634159883,5.311564401,5.376235784,9.16324383,6.501938254,5.84696108,3.981841334,4.125336114,7.471901434,4.43332581,8.608723846,7.826423665,9.717084968,10.85075855,8.902702578
GSM705721.CEL.gz,B-CELL_ALL,6.788883999,5.10647951,4.204084178,7.292052497,3.048469885,6.740708207,3.554629934,3.33125046,3.338372541,2.908459882,5.896440047,5.398089297,5.291910488,6.908033813,6.356632319,5.378000053,4.116053675,3.95734962,7.348066705,3.754434245,8.526691876,8.249332883,10.18668956,11.01478467,9.298425973
GSM705722.CEL.gz,B-CELL_ALL,6.466033294,5.07240089,4.135676068,7.10125077,2.98757417,7.190946527,3.535327643,3.364329232,3.460037547,2.77754382,5.735592812,5.200847064,5.118124709,6.76944001,6.196071605,5.442938462,3.801718134,3.788641271,7.061635009,3.833850103,8.439110327,8.397294086,10.13736804,10.92214594,9.215853472
GSM705741.CEL.gz,B-CELL_ALL,6.836880131,4.807252897,4.37899203,7.201846342,3.115500522,7.342811457,3.462219531,3.41816234,3.665256686,2.849883827,5.562497516,5.475552339,5.045101979,6.868280519,6.302052078,5.335239064,4.345218515,3.809319375,7.211874121,3.304556365,7.95107055,8.190994503,10.00882028,10.92752223,9.35008641
GSM705756.CEL.gz,B-CELL_ALL,5.835119458,5.572826826,4.278484276,7.011209293,3.104701623,7.3581362,3.362089837,3.133152491,3.576912241,2.683691516,5.365412515,5.366454166,5.020657927,6.715208472,5.938002503,5.807322172,3.621079425,3.938076391,7.116627413,4.08093796,8.101956141,8.067523654,10.21834413,10.94993551,8.871292483
GSM705759.CEL.gz,B-CELL_ALL,6.580114211,5.064219694,4.432342623,7.02864101,3.095106029,7.705804855,3.457731968,3.386285865,3.539222729,2.959383617,5.988956544,5.318325413,5.321543389,6.86123664,6.187151905,5.420367837,3.908286445,3.945988903,7.326456795,4.265977481,8.565142247,8.116400146,10.2103806,11.12506445,9.172060874
GSM705761.CEL.gz,B-CELL_ALL,6.864138578,4.919988896,4.392656721,7.148509134,2.889767485,8.049701177,3.610745684,3.45764475,3.443255647,2.887180699,5.426994983,5.293018117,5.429503702,6.817327929,6.017559085,5.632595383,3.978120358,3.882000804,7.491790594,4.323268711,8.152122454,8.608598462,10.45375681,10.71205422,8.699570558
GSM705762.CEL.gz,B-CELL_ALL,7.02993906,4.828826623,4.836740835,7.144095405,3.176938703,6.728949336,3.772202315,3.473921801,3.444743431,2.822624025,5.688001644,5.172666946,5.466287208,6.944147999,6.264577319,5.235877784,3.919459219,3.812968527,7.558694421,4.237318391,8.218929343,7.582536517,10.31912634,10.95145979,9.245748129
GSM705765.CEL.gz,B-CELL_ALL,7.086847422,5.023490735,4.270802947,7.108577894,2.969585443,7.092108085,3.483071641,3.373543544,3.516015259,2.801815393,5.809109932,5.376668352,4.933745338,6.666599775,6.172941019,5.564767674,4.052664779,3.707351806,7.244283909,4.025234823,8.535103305,8.329717949,10.50645851,11.14791734,9.650097737
GSM705776.CEL.gz,B-CELL_ALL,7.041282551,5.048399445,4.422893815,7.133345915,2.967589252,7.492130007,3.609533744,3.341836741,4.531374198,2.897739342,5.732086783,5.396136216,5.125337011,7.031272386,6.547021571,5.550682353,4.089798705,3.874329937,7.335173966,3.904678696,8.212539168,8.150998098,9.796485584,10.7742398,8.70583644
GSM705777.CEL.gz,B-CELL_ALL,7.166620817,5.251825549,4.081042221,7.024032223,3.037746416,7.166941798,3.484265792,3.238061895,3.338842782,2.736180514,5.314192958,5.125069951,5.180147203,6.619927397,6.163305081,5.365308376,4.14201249,3.721152164,7.309243837,4.063398096,8.55071547,8.219073627,10.21337737,10.86252003,9.207955102
GSM705778.CEL.gz,B-CELL_ALL,7.226459401,5.08509584,4.283083403,7.613427276,3.101133657,6.776442597,3.665254674,3.356591246,3.475084863,3.059990525,5.926063593,5.203580807,5.343108269,7.26883093,6.554570638,5.442862476,3.989144683,3.854704156,7.272534475,3.80189523,7.534294901,7.834811558,10.0307977,10.79917899,9.012887263
GSM705779.CEL.gz,B-CELL_ALL,7.099228398,4.883635924,4.533113185,7.285973045,3.076800324,7.716011905,3.614007629,3.232433386,3.542558705,2.919454331,5.618609002,5.442330856,5.33157728,7.194477981,6.536030301,5.665243873,3.973723238,3.932491563,7.201986128,3.635129689,8.015769639,7.462960079,10.30939698,11.05705323,9.226989614
GSM705787.CEL.gz,B-CELL_ALL,5.945489711,4.691995656,4.126620856,7.215525361,3.063526387,7.550139714,3.593793647,3.573771801,3.691394351,2.897008463,5.554125983,5.422492628,5.12568149,6.720822006,5.973714927,5.871336117,3.985654118,3.916498265,6.885712688,4.02570736,7.888669556,9.137198007,10.00763315,10.49498875,9.002422558
GSM705789.CEL.gz,B-CELL_ALL,7.147179371,5.457428946,4.767086068,7.471436466,3.073317287,7.506455202,3.695065516,3.284810368,3.695475766,2.79640686,5.705805044,5.373455326,5.450321145,9.956880256,6.446945308,5.753294713,3.981797055,3.617964867,7.288520417,4.164729172,8.15051161,7.75326583,9.812303178,10.91373865,8.724281719
GSM705818.CEL.gz,B-CELL_ALL,6.203101557,5.522024539,4.655546605,6.843949902,2.892147124,8.100476664,3.512315151,3.328562149,4.167840923,2.933652985,5.691652111,5.527263895,4.536733265,7.026162382,6.205988959,5.689235058,3.872215845,4.005655549,7.095257063,4.295788544,8.168956927,8.793914366,10.52364366,11.0628104,9.337773509
GSM705820.CEL.gz,B-CELL_ALL,6.533210437,5.114867742,4.451695025,6.97951538,3.032585803,6.963794644,3.372065299,3.447720321,3.814352674,2.824045134,5.416892913,5.151561891,5.053436092,6.778762215,6.503523975,5.804049019,4.064577641,3.934498573,7.383993671,3.821032265,8.774510204,8.48377843,9.511144571,10.87491815,8.520815205
GSM705821.CEL.gz,B-CELL_ALL,6.427918846,5.099026026,4.28227409,7.0610768,3.058450504,7.465379478,3.272037161,3.590194619,5.399145209,3.117524359,5.335254145,5.168883172,4.723385832,7.488783462,5.956343287,6.013602051,3.636309459,3.860101239,6.437026195,3.777226211,8.170666854,8.266322113,10.12339392,11.2878746,8.93884848
GSM705824.CEL.gz,B-CELL_ALL,6.780887643,4.916232379,4.439191086,7.041780386,3.077538065,7.84132844,3.523974024,3.358813753,3.891248215,2.930016126,5.687495585,5.323889238,5.282382995,6.760993032,6.217471708,5.584217676,3.694000368,3.740887532,7.282840119,3.811806623,7.979943822,7.956297515,10.01957878,10.82419961,8.819532259
GSM705825.CEL.gz,B-CELL_ALL,6.841807145,5.513912512,4.310607237,7.346742239,3.21401943,7.850243443,3.497920345,3.408625254,3.483515461,2.894927979,5.882241007,5.415530672,5.402815805,6.924353122,6.316010577,5.758796331,4.119045705,4.03827658,7.514434378,4.120233004,8.015443553,8.304787622,10.64996386,10.72985908,8.854775964
GSM705831.CEL.gz,B-CELL_ALL,6.305738245,5.239434955,4.263714497,7.444722947,3.074579146,7.260823131,3.68837835,3.390059539,3.21009209,2.811496112,5.453594037,5.249074314,5.068005458,7.0845831,6.464328904,5.534273929,4.048885141,3.882435778,7.295056957,4.205489929,8.234950847,8.216736195,9.953894867,10.94225328,8.628371001
GSM705832.CEL.gz,B-CELL_ALL,6.286519914,4.936519345,4.461007797,7.49206595,3.171012129,7.461374959,3.831050574,3.456255262,3.583972135,2.770868821,5.376566752,5.47855432,5.313018182,7.08854244,6.422428444,5.703381349,3.956924342,4.185844393,7.199058159,3.810186962,8.074175708,8.273434753,10.16430074,11.04353306,8.951930951
GSM705833.CEL.gz,B-CELL_ALL,6.211204964,4.91846769,4.624041998,7.225486302,3.022502772,7.341772536,3.630444846,3.484979233,4.763426342,2.982836415,5.538979568,5.22014984,5.323836645,7.025885869,6.465194222,5.440534626,3.832734296,4.015684123,7.25201731,4.120213424,8.247926385,7.998934191,10.43467395,11.00818639,8.645213294
GSM705834.CEL.gz,B-CELL_ALL,6.954747234,5.17113492,4.30816269,7.143289927,3.016296759,7.532194452,3.413589392,3.41527495,3.317293369,2.967198072,5.563703198,5.257319037,5.14658129,6.784208011,6.283745131,5.563999654,4.278169545,3.945281247,7.267170545,4.209710828,8.348241742,8.369677859,9.861973751,10.9394132,9.190535457
GSM705835.CEL.gz,B-CELL_ALL,6.829913164,5.345042822,4.324762656,7.216151129,2.892515525,7.275905456,3.579902544,3.345329735,3.071345542,2.733104409,5.804327635,5.368325355,5.31046058,6.919682139,6.220673514,5.440642842,3.981252875,3.818982151,7.309111295,3.844292011,8.102931919,7.610003523,10.49424396,11.04995373,9.214308477
GSM705836.CEL.gz,B-CELL_ALL,7.313405604,5.434933383,4.364672633,7.353390184,3.088228822,7.260631322,3.736652961,3.466974037,3.486484725,2.84754381,5.838706802,5.320995063,5.414704064,6.873367689,6.523898681,5.615562563,4.264368228,3.976454824,7.51580093,4.01344162,8.071321524,8.289974794,9.536118377,10.93404881,8.530110985
GSM705837.CEL.gz,B-CELL_ALL,6.344211712,5.631727152,4.354141257,7.15053807,3.069192823,8.103950138,3.689848531,3.378131534,3.69965645,2.847925906,5.440929379,5.43856941,5.364017624,6.92013353,6.29134174,5.555771341,4.232863412,3.677103147,7.414687756,4.409574418,8.095575387,9.011575376,10.68876205,11.07749463,8.955119769
GSM705838.CEL.gz,B-CELL_ALL,6.009559841,5.832178599,4.461164898,6.822288947,2.967325589,7.002464471,3.520555665,3.335494948,3.471801396,2.81368955,5.308734068,5.316837531,4.958832113,6.627371603,6.114470999,5.505554015,4.170321061,3.999244322,7.204385143,4.072334821,8.558399187,8.728813346,10.37248772,11.06499835,9.478937864
GSM705839.CEL.gz,B-CELL_ALL,6.143920497,5.399753186,4.306215915,7.371034661,2.931548477,7.339300558,3.601853803,3.322844874,3.151756576,2.843399402,5.438722798,5.516785213,5.181540546,6.98039923,6.278248397,5.521320243,4.180271734,3.840348396,7.381543293,4.335481895,8.148749237,8.276621025,10.1959033,11.19017957,9.100882436
GSM705841.CEL.gz,B-CELL_ALL,6.395019678,5.543080296,4.227558816,7.037869171,2.844967214,7.879101466,3.303676942,3.198890257,4.113167897,2.931886621,5.509620265,5.390794339,5.218858121,6.738910446,6.117443723,5.66876362,4.243991675,3.95156193,7.225723693,4.000568386,8.499937321,8.46932027,10.30429515,11.09239057,9.197600002
GSM705842.CEL.gz,B-CELL_ALL,7.386393077,4.953975689,4.332216554,7.445147086,3.037422599,7.360788797,3.706549822,3.431418391,3.301571376,2.956352876,5.767797838,5.264818139,5.330770923,7.347544612,6.51495043,5.725183358,4.209613326,3.827306263,7.388748619,3.929910934,8.316240238,8.432041552,9.92806898,11.11546556,9.034059587
GSM705844.CEL.gz,B-CELL_ALL,8.107531509,5.10925074,4.304587668,7.075297864,3.049870018,7.709069969,3.531682732,3.23033597,3.139760776,3.014402002,5.515445007,5.35326649,5.114614206,6.71741359,6.198324595,5.7066042,3.97006694,3.743366502,7.278934123,4.129359498,8.457015816,8.52333436,10.18073984,10.8975846,9.228420653
GSM705845.CEL.gz,B-CELL_ALL,6.857385039,5.342560827,4.229078171,7.035867441,2.927697719,7.851021222,3.585384882,3.188690934,3.523221356,2.840223273,5.483680814,5.38610343,5.206796605,7.104629797,6.253677833,5.897056294,3.879627505,3.569784779,7.220441811,3.943083857,8.71858535,8.879409528,9.433103935,10.73003946,8.710972359
GSM705846.CEL.gz,B-CELL_ALL,6.222407889,5.48567175,4.349905987,6.993408595,3.088019227,7.444510945,3.398991096,3.498173733,4.190353217,2.941746793,5.428628386,5.358694326,5.140648465,6.743980847,5.810907257,5.440228805,3.736666928,3.954434289,7.23783864,3.791529859,7.556084688,8.241854724,10.26219247,11.20986998,9.279716605
GSM705848.CEL.gz,B-CELL_ALL,6.297065878,5.135035269,4.281912823,7.276002359,3.100619616,7.238544024,3.648409504,3.343325942,4.346561007,2.710464679,5.629400199,5.47818152,5.260200762,6.848228734,6.337395066,5.921761589,3.887980239,4.15092582,7.172606098,4.265078037,8.211576399,8.648738826,10.24137712,11.14376316,9.06317781
GSM705849.CEL.gz,B-CELL_ALL,6.482941779,5.042147204,4.756132499,7.287191357,2.900718507,7.656592753,3.366042444,3.214225758,5.721728814,2.832418811,5.855294873,5.491208948,5.074860995,7.182532391,6.246357633,5.845271178,3.899247615,3.647887658,7.267359614,3.969763265,8.25968107,8.578333599,10.02417232,10.88653317,9.098973625
GSM705850.CEL.gz,B-CELL_ALL,7.684628373,5.333338657,4.320775809,7.309948276,3.052629921,6.984398027,3.69440263,3.331760863,3.710980049,3.004979381,5.611580357,5.380587823,5.415310363,6.876799093,6.316696343,5.731454122,3.789203535,3.841493051,7.592135242,4.417128265,8.174027209,8.067213839,9.908655072,11.31629828,8.811527386
GSM705851.CEL.gz,B-CELL_ALL,7.072667296,4.958816559,4.503602739,7.297512008,3.111285414,7.59687061,3.691208337,3.229211805,3.210454795,2.780839765,5.543323243,5.305154051,5.289504791,7.216759724,6.490074425,5.716439571,4.04599945,3.579899916,7.402745341,3.89078176,8.107985418,8.403045798,9.900000012,10.72827389,8.665309816
GSM705852.CEL.gz,B-CELL_ALL,7.296088504,4.963776308,4.420289206,7.217417249,2.95317426,7.138790669,3.551640225,3.202504059,4.100367283,2.893599286,5.497118796,5.176594891,4.983147409,6.853215549,6.337160262,5.141597671,3.944170304,3.938710474,7.156330292,3.805847383,8.278904054,8.531635835,9.990133644,10.83688105,9.046344568
GSM705498.CEL.gz,B-CELL_ALL_TCF3-PBX1,6.827014838,5.37069225,4.269585422,6.912266903,2.994356046,6.463059106,3.562200764,3.417543434,3.383418494,2.879976709,5.935214823,5.16303918,4.948169674,6.641942646,6.093520813,5.392767604,3.945452798,3.898516868,7.199109419,4.375683411,8.14065608,8.090884745,9.576275644,10.73428267,8.391991261
GSM705499.CEL.gz,B-CELL_ALL_TCF3-PBX1,6.617037504,5.697092476,4.276324341,7.496836115,2.980179581,6.859137954,3.865995465,3.527571394,3.078019467,2.994232054,6.04833724,5.336567557,5.17189368,7.061915471,6.31420555,5.686214669,4.097608659,4.183674804,7.350275163,3.85776799,8.121434196,8.460468338,9.890285231,11.02489984,8.986907386
GSM705500.CEL.gz,B-CELL_ALL_TCF3-PBX1,7.143330756,5.137168998,4.47106539,7.376803533,3.11852677,6.66788576,3.864301803,3.530573441,3.572907678,2.904738609,5.595180317,5.291923766,5.247569482,7.109897766,6.460819692,5.686688146,4.095760882,3.868319601,7.18046081,3.887247003,8.13364628,8.402145553,9.352314638,10.48813366,8.553916178
GSM705501.CEL.gz,B-CELL_ALL_TCF3-PBX1,7.253847439,4.962835664,4.508043626,7.793293205,3.312961183,5.977504004,3.943976091,3.528579086,3.063168118,2.999715833,6.308831195,5.408044659,5.615451824,7.405675542,7.02316847,5.720396699,3.957036697,4.082137465,7.564742565,4.112891533,7.606138312,7.619379474,8.979548614,10.25509351,7.926077239
GSM705502.CEL.gz,B-CELL_ALL_TCF3-PBX1,7.212658594,5.205080407,4.237545844,7.416843817,3.180611716,7.166872926,3.62071412,3.35137423,3.167201108,3.098348106,5.969545964,5.360415348,5.763404552,7.04305595,6.581004683,5.535451575,4.101789828,4.001411628,7.340760386,3.714092723,8.058071059,8.156606742,9.247278146,10.79732887,8.524803736
GSM705503.CEL.gz,B-CELL_ALL_TCF3-PBX1,6.737771518,5.315127612,4.435094625,7.167500089,2.965753788,6.888495109,3.362064974,3.534961656,3.323985293,2.907830007,5.762451199,5.297032259,5.024320999,6.858808514,6.187045479,5.520972856,4.159828508,4.064707343,7.286244792,4.241822217,8.561393517,8.580204247,9.90593985,10.81949798,9.010683051
GSM705504.CEL.gz,B-CELL_ALL_TCF3-PBX1,7.211721566,5.667386647,4.426879006,7.142456901,2.925016091,7.422274008,3.445744776,3.255554312,5.055637356,2.805731879,5.54197632,5.213620116,5.206224212,6.802790402,6.272749012,5.549441861,4.012206234,4.042080265,7.097213991,4.199684658,8.427005327,8.793431545,9.999830632,11.08843208,8.990532453
GSM705505.CEL.gz,B-CELL_ALL_TCF3-PBX1,6.940165321,5.66247506,4.401032215,7.033138188,2.884652203,7.105121251,3.413739151,3.081200406,4.27614347,2.726368715,5.524601862,5.197039789,4.923383652,6.694179994,6.155216515,5.413202029,3.983735696,3.775094146,7.026148631,4.068016492,8.609271706,8.481452403,9.729041954,11.08602459,9.239366978
GSM705506.CEL.gz,B-CELL_ALL_TCF3-PBX1,6.606100064,5.374852408,4.401421106,7.116511457,3.063560169,7.577466762,3.575290585,3.535915842,3.846754945,2.931602327,6.426699316,5.314010497,5.34987519,6.805341152,6.26976256,5.662358285,4.117762741,4.076339715,7.274546756,4.219381166,8.271559779,8.946698921,10.12070951,10.87531188,8.683680018
GSM705507.CEL.gz,B-CELL_ALL_TCF3-PBX1,6.963600556,5.246330571,4.48148359,7.31207032,3.084636357,7.298059371,3.542095958,3.410940531,3.562399655,2.898443765,6.095970955,5.315184439,5.344432784,6.986306908,6.425788358,5.60227246,4.228900904,3.932527446,7.534290026,4.287007525,8.275019593,8.792855291,10.15933707,10.74066477,8.638234063
GSM705508.CEL.gz,B-CELL_ALL_TCF3-PBX1,6.867900076,5.623997853,4.326352857,6.994775492,3.064129841,7.655522103,3.580618655,3.268557513,3.378397396,2.963767117,5.772151368,5.420942867,5.026875598,6.731816398,6.079994559,5.701702477,4.098098602,3.862852109,7.249431622,4.410987934,8.564857886,9.092791257,9.845841141,10.96978709,9.081842675
GSM705510.CEL.gz,B-CELL_ALL_TCF3-PBX1,6.30173808,5.591714396,4.31228032,6.985609531,2.907891024,7.139364549,3.515865647,3.404586447,3.435836962,2.710021122,5.801316268,5.351267,5.159619609,6.625701779,6.002821994,5.633777728,3.818608153,3.77612993,7.120037887,4.266039217,8.412065443,8.357553917,10.31903705,11.17775087,9.10533047
GSM705511.CEL.gz,B-CELL_ALL_TCF3-PBX1,6.934162588,5.20171166,4.235248412,7.368482365,3.27724352,7.103740403,3.72848594,3.566034086,3.880716118,2.991149039,5.807958958,5.592952254,5.674011317,6.898098612,6.591890082,5.481100704,4.061636493,4.084402015,7.484011577,4.478818179,8.297035232,8.650485355,10.27752686,10.91044626,8.498936856
GSM705512.CEL.gz,B-CELL_ALL_TCF3-PBX1,6.750806458,5.759909844,4.154100095,7.1221571,2.951559734,7.171521512,3.447635275,3.33721528,3.307637829,2.805945175,5.82384842,5.257607516,5.007150079,6.820476816,6.051911035,5.482926774,3.956001552,4.107143482,7.261927266,4.542382701,8.721062652,8.814922828,9.890030554,11.11427946,8.899416937
GSM705513.CEL.gz,B-CELL_ALL_TCF3-PBX1,6.676314081,5.255685509,4.219769002,7.036130568,3.11346649,7.035488664,3.496445384,3.283201966,3.232790509,2.887840717,5.785017904,5.517582696,5.155751628,6.744072275,6.331097389,5.574445487,3.814466336,4.095998762,7.089935996,4.115059833,7.944102426,8.170878111,10.45963094,11.07476669,8.895526974
GSM705514.CEL.gz,B-CELL_ALL_TCF3-PBX1,6.670804087,5.157452861,4.290696291,6.950766657,3.052313275,6.891422127,3.393217007,3.379315291,3.485007395,2.807051042,5.663686712,4.952444764,5.168320527,6.574245073,6.100904155,5.410733973,3.930315965,3.742383908,6.775853875,4.112504446,8.281431891,7.968730922,9.407965727,10.58478691,8.848963683
GSM705515.CEL.gz,B-CELL_ALL_TCF3-PBX1,6.647096932,5.147753956,4.162505953,6.987391723,3.056743526,7.229895491,3.2398374,3.370182199,3.517598312,2.864909784,5.598813473,5.567275201,5.004689113,6.502566787,6.090168531,5.321145216,3.951506098,4.094016532,7.013839005,4.047154515,8.542859705,8.419194765,9.93798456,10.83861643,9.21491555
GSM705516.CEL.gz,B-CELL_ALL_TCF3-PBX1,6.963440947,4.817706874,4.493882781,7.23162586,3.058416478,6.814564347,3.632050268,3.444022957,3.952935264,3.279958395,5.766624682,5.3138994,5.340584976,7.15709308,6.561872718,5.71259925,4.1040308,4.14613192,7.24582308,4.199497145,7.57318209,7.779366687,10.00719598,10.91137277,8.496310148
GSM705517.CEL.gz,B-CELL_ALL_TCF3-PBX1,6.811811352,5.230639095,4.253402935,7.306595468,3.205700621,7.031112609,3.641105235,3.168163259,3.799292883,2.918234998,5.815451201,5.522660981,5.436359025,6.723852247,6.373397238,5.512192469,4.041564341,3.840789782,7.260338129,4.175490466,8.354895549,8.311308505,9.701464769,10.89616369,8.831269635
GSM705518.CEL.gz,B-CELL_ALL_TCF3-PBX1,6.870302859,4.820471905,4.277077404,7.739404421,3.317347553,6.525012786,4.147450677,3.437512732,3.426364522,3.117901961,5.926886762,5.41718091,5.721260263,7.349652674,7.028479857,5.509824926,3.889162736,3.96289739,7.20594526,4.152770543,7.409101934,8.011519536,8.707683369,10.18727748,7.84180561
GSM705519.CEL.gz,B-CELL_ALL_TCF3-PBX1,6.618955888,5.236513678,4.294757365,7.043475884,3.218812816,7.366947078,3.56199357,3.451804547,3.568839953,3.087351893,6.121288036,5.304530092,5.270122806,6.698651869,5.948556635,5.727309864,3.977382811,3.97099376,7.103879248,3.933658734,8.415728719,8.752559495,9.609426723,11.0129917,8.652397107
GSM705520.CEL.gz,B-CELL_ALL_TCF3-PBX1,5.820045039,4.910373371,4.711013831,7.355500523,3.018666233,5.87682059,3.823162408,3.462037022,5.931100606,2.798912976,5.753464057,5.125815438,5.430807105,6.785299026,6.254520794,5.99946036,3.685013162,3.950465013,7.485929654,4.411873819,7.236584732,8.226179925,7.888360329,10.37007249,7.822987524
GSM705536.CEL.gz,B-CELL_ALL_HYPERDIP,6.13732376,5.240364293,4.21230444,7.585125439,3.031109733,6.870778595,3.726560567,3.293272678,3.578583081,2.749537196,6.40628638,5.378360678,5.096496834,6.91336791,6.365788354,5.548956599,4.467950602,3.936283322,7.281449856,4.08635533,8.309125033,8.531746832,10.06701333,10.93183203,8.587517554
GSM705537.CEL.gz,B-CELL_ALL_HYPERDIP,6.916174425,5.224176301,4.317651606,7.252494058,3.256946737,6.788975458,3.40315121,3.304182458,3.377523014,2.801312532,5.955999625,5.385350035,5.201541196,6.804872569,6.174209788,5.503163119,4.072542073,3.81046893,7.443301479,3.956741885,8.735039035,8.673054187,9.85167988,10.81412011,8.627159263
GSM705538.CEL.gz,B-CELL_ALL_HYPERDIP,6.743858244,5.258080901,4.345251072,6.942765789,2.924600991,7.471962511,3.384277642,3.257584697,4.00363098,2.827089716,6.277191114,5.229130027,4.992651629,7.029678311,6.270778207,5.650744339,4.169340744,3.681325872,7.133785007,3.733312841,9.150972927,8.687344684,9.965859468,10.92834719,8.650940425
GSM705539.CEL.gz,B-CELL_ALL_HYPERDIP,6.561110449,5.285263468,4.512649881,7.419299198,3.107171931,6.929746024,3.592338145,3.601514884,4.063650831,2.855880872,5.562805322,5.398188961,5.22725146,7.128048946,6.406446395,5.452059091,3.970996304,3.743515079,6.965780315,4.037839417,8.809802276,8.314665365,9.829173081,10.75117097,8.691587859
GSM705540.CEL.gz,B-CELL_ALL_HYPERDIP,6.618760381,5.041527212,4.55837615,7.37888334,3.164094138,6.484640173,3.664567697,3.442973735,3.84436269,2.983271863,5.905810234,5.385109666,5.396472954,7.188596612,6.26327027,5.4717466,4.102565852,4.064928725,7.275181736,4.092400233,7.929767624,8.301949609,9.915051483,10.92733387,8.212482109
GSM705541.CEL.gz,B-CELL_ALL_HYPERDIP,6.323804103,5.43221849,4.412544125,6.854477274,2.877463478,6.552776019,3.455193497,3.336746738,3.278996118,2.808910401,5.534272385,5.207661985,4.936146586,6.647736994,6.101224201,5.566501328,3.997514005,3.672268413,6.886396745,3.979650374,8.3841486,8.234060845,10.00467423,11.07231205,8.8890323
GSM705542.CEL.gz,B-CELL_ALL_HYPERDIP,5.970909863,4.985253997,4.202108279,7.052176203,3.090785787,7.252586985,3.526605567,3.264786859,3.390670492,2.855877932,5.95940086,5.394959681,5.218746168,6.825708238,6.275731868,5.811012315,4.406905489,3.697215731,7.225404599,4.205525058,8.232092479,9.045287053,9.892574637,10.81337738,8.75310956
GSM705543.CEL.gz,B-CELL_ALL_HYPERDIP,6.711907949,4.93896036,4.183456045,7.364631324,3.06311339,7.073008364,3.617039575,3.402643191,3.386243317,2.708663021,5.653333655,5.375124797,5.232189636,6.702455468,6.393842873,5.693296354,3.928050044,3.800293073,6.934395902,3.89749284,8.535858512,8.195201836,9.647949849,10.78352808,8.615093764
GSM705544.CEL.gz,B-CELL_ALL_HYPERDIP,6.421412481,5.188890395,4.21917429,7.124346601,3.083797981,6.748183795,3.587327422,3.324013,3.664971664,2.787350758,5.554332697,5.335303376,5.155831493,7.36409963,6.213357688,5.645269359,3.777944923,3.829998085,7.028995683,3.930424538,8.683060111,8.268990972,10.05535676,10.94249715,8.615964679
GSM705545.CEL.gz,B-CELL_ALL_HYPERDIP,6.5434802,5.114213156,4.186319743,7.321508758,2.980082045,6.788627119,3.542803162,3.256380299,3.237461462,2.78212003,5.628675118,5.3047326,5.178345102,6.817757076,6.356224962,5.269247102,4.031660234,3.967990071,7.284803353,4.213799731,7.918924025,7.836468288,10.26596142,10.74436721,8.342899475
GSM705547.CEL.gz,B-CELL_ALL_HYPERDIP,6.537271892,5.357278214,4.357947883,7.20958071,2.875132937,7.534112733,3.362503197,3.210652877,3.26001974,2.884989021,5.99811709,5.493149065,4.979966937,6.649806313,6.313365342,5.576630193,4.398950258,3.82578875,7.193144196,4.054395913,8.324836426,9.100302704,10.03004866,11.21590271,8.712083185
GSM705548.CEL.gz,B-CELL_ALL_HYPERDIP,6.888090628,5.013709691,4.50077043,7.713139063,3.171166926,5.693635766,3.94698604,3.721042848,3.485399268,2.912367114,5.918337541,5.244991998,5.537320947,7.184442103,6.837148579,5.489107297,3.826266985,3.914820908,7.299622769,4.002502463,7.323695104,7.315642105,10.35970773,10.99980158,9.062123997
GSM705549.CEL.gz,B-CELL_ALL_HYPERDIP,7.082584716,5.513646029,4.368900601,7.032405761,3.22690178,7.222376345,3.51576977,3.317647743,4.261971441,2.847411451,5.927963126,5.443254179,5.22016627,6.74840049,6.429333358,5.531725492,4.328544015,3.720819967,7.401162597,4.293263547,8.934436377,8.285645258,9.922620848,10.73409123,8.265735408
GSM705550.CEL.gz,B-CELL_ALL_HYPERDIP,6.326265191,5.761829105,4.215493882,6.867080583,2.913998485,7.489036878,3.262753567,3.208464048,4.459117713,2.809848363,6.018936349,5.232967164,4.942748487,6.774701571,5.918023532,5.930560089,4.205650436,3.569553497,7.244730054,4.522237083,9.127336867,8.692200647,9.978660184,10.88538293,8.684356144
GSM705551.CEL.gz,B-CELL_ALL_HYPERDIP,6.880608219,5.335600109,4.262251424,7.262909313,3.019136362,7.662436155,3.620922187,3.228008878,3.365679304,2.932201213,6.164458126,5.508786246,5.280108694,6.758115736,6.285966734,5.770510926,4.343842501,4.020097418,7.432198901,3.956979909,8.255643949,8.292327181,10.01905504,11.0301966,8.404018293
GSM705552.CEL.gz,B-CELL_ALL_HYPERDIP,6.751847798,5.4357966,4.184520314,6.929255499,2.90360259,6.471068299,3.512143441,3.159703424,3.522424334,2.717422307,5.364833436,5.330708584,5.194672414,6.635075112,6.179798126,5.509876595,3.637008406,3.809209291,6.888762915,3.601673043,8.873336722,8.431211669,10.00581806,10.95878633,8.895113696
GSM705553.CEL.gz,B-CELL_ALL_HYPERDIP,6.679745276,5.04620473,4.405710771,7.389364764,3.058846852,7.75262468,3.58344732,3.416353739,3.314394634,2.885691345,5.83854473,5.535914084,5.270747052,6.902632467,6.463105571,5.296719724,4.543561749,3.854861886,7.424260971,4.027074643,7.939782831,8.725723681,9.965054695,11.01941927,8.438037885
GSM705554.CEL.gz,B-CELL_ALL_HYPERDIP,6.25868747,4.988349161,4.397983741,7.282317216,3.018664397,7.433571652,3.715386547,3.365388745,3.571424279,2.907305337,5.671825282,5.496297619,5.180596641,6.984701825,6.491564503,5.932943152,3.858091535,3.823609634,7.066450427,3.812775071,7.908775861,8.116449572,9.693296259,10.83315228,8.515172659
GSM705564.CEL.gz,B-CELL_ALL_HYPERDIP,6.487806122,5.109365641,4.344494811,7.533172018,3.099814186,6.501588902,3.678819711,3.283872026,3.503181545,2.899313303,5.81354738,5.31589619,5.244394337,7.017215583,6.540092221,5.692884972,4.225242739,3.622502439,7.396583057,4.054951652,8.38493067,8.684291902,9.832194136,10.68773783,7.984314994
GSM705573.CEL.gz,B-CELL_ALL_HYPERDIP,6.461823785,5.449463333,4.363024167,6.987439951,2.896757327,6.940654362,3.43244349,3.137829221,3.900266781,2.763843418,5.931931325,5.465791532,5.105862008,6.761825647,6.272151873,5.556470693,4.430228167,3.750982447,7.367168001,4.504972424,8.655918371,9.003987942,9.483060873,10.54258363,9.228725731
GSM705582.CEL.gz,B-CELL_ALL_HYPERDIP,7.154942288,4.926610884,4.323114945,7.457868765,3.120875344,7.438354901,3.984422748,3.337640296,4.293406669,2.826353355,5.701983941,5.219810585,5.404162353,7.170453964,6.827330793,5.596990356,4.002753364,3.951962027,7.232024222,3.517594539,7.281355396,7.636014234,9.676567784,10.19449698,7.539470651
GSM705593.CEL.gz,B-CELL_ALL_HYPERDIP,7.269377085,5.165282575,4.308669085,7.623505018,3.105290173,7.228784844,3.625082834,3.359993703,3.177154883,2.901849375,5.653257426,5.292054072,5.462942606,6.979908428,6.598655313,5.557014101,4.431510951,3.805676202,7.554519498,4.12914085,8.762178357,7.926733157,9.004062422,10.45837256,7.937504046
GSM705600.CEL.gz,B-CELL_ALL_HYPERDIP,6.870900074,4.895869385,4.271927209,7.02064553,2.977409712,5.892089059,3.542596257,3.450953141,3.425736144,2.927595252,5.699943642,5.322152593,5.187911759,6.721453522,6.162910523,5.413389931,4.024944789,3.712855111,7.389446862,4.277288578,8.741674014,8.57918084,9.943461389,10.85917748,8.472425905
GSM705601.CEL.gz,B-CELL_ALL_HYPERDIP,6.766495864,5.037368495,4.259708484,7.544717411,2.997261532,6.439022503,3.666247369,3.360906307,3.732166141,2.899207971,5.881089312,5.489682407,5.360293447,6.871328104,6.324162874,5.539796479,4.320541649,3.813568526,7.652557448,4.396557008,7.938904985,8.195977383,9.983135783,10.90816113,8.488906548
GSM705606.CEL.gz,B-CELL_ALL_HYPERDIP,6.848215516,5.009329643,4.860651656,7.407655501,2.970906311,7.393656192,3.667366911,3.435012279,3.72568387,2.864859637,6.065561182,5.457188356,5.468965313,7.049032575,6.527328566,5.844716788,4.308492025,3.801078912,7.51771804,4.272609174,8.232821324,8.744979052,9.81853708,10.73927955,8.39172745
GSM705614.CEL.gz,B-CELL_ALL_HYPERDIP,6.492054592,5.382233337,4.599762438,7.053012403,3.063220244,6.760468268,3.516197763,3.373101979,3.773651864,2.886589942,5.821447029,5.451973572,5.433410817,7.01273342,6.534199099,5.682666041,3.974543997,3.776111963,7.557282508,4.346429545,8.041840184,7.856721175,9.59916593,10.72863265,8.069528506
GSM705616.CEL.gz,B-CELL_ALL_HYPERDIP,6.953747447,5.232493818,4.230653593,7.000741128,3.144940597,6.72542895,3.613212055,3.37227695,3.18919782,2.761529013,5.914937054,5.224121027,5.340823191,6.644648161,5.929268681,5.751341478,4.160726385,3.812738063,7.135003089,3.906241062,8.638547961,8.713753709,9.800338031,10.84040864,8.493026562
GSM705617.CEL.gz,B-CELL_ALL_HYPERDIP,6.439676217,5.453508489,4.229560356,7.162974511,3.030836816,6.986351361,3.452709851,3.236637813,3.72591946,2.827709447,5.096973061,5.290813375,5.024626212,6.61400435,6.011234217,5.759640486,3.781550653,3.827910941,6.953051186,3.958178268,8.786291545,8.055868097,10.02821659,10.63870476,9.449962917
GSM705619.CEL.gz,B-CELL_ALL_HYPERDIP,6.628365226,5.635937478,4.249534497,7.047894812,2.991157986,7.737854822,3.625147619,3.375711089,3.302004269,3.037167038,5.566684172,5.371840522,5.138161957,6.776479604,6.257751347,5.958441186,4.214918816,3.780979685,7.310700745,4.245086341,8.627956707,8.6878116,9.477232866,10.64547431,8.289213218
GSM705622.CEL.gz,B-CELL_ALL_HYPERDIP,6.467455096,5.40448522,4.327425392,7.084829935,3.173205046,6.76724533,3.449524219,3.211467961,3.284341231,2.783266095,5.692978955,5.372850808,5.303134618,6.705469658,6.111500465,5.680156372,4.154205287,3.91845448,7.029774202,4.086263804,8.831531772,8.365757462,10.01447885,10.94666841,8.829799238
GSM705623.CEL.gz,B-CELL_ALL_HYPERDIP,6.750393863,4.990103342,4.397432766,7.121109806,3.117826329,6.986222945,3.522203007,3.387044033,3.705140185,2.92216179,5.75174308,5.333182398,5.474563782,7.140496564,6.256385634,5.610899991,3.886091206,3.844657398,7.102613069,3.759079766,8.429864635,7.694251771,10.36222716,11.03548055,8.659797255
GSM705624.CEL.gz,B-CELL_ALL_HYPERDIP,6.339513246,4.58894522,4.290564951,6.92194668,2.986070708,7.043928755,3.327954859,3.229167543,3.381706551,2.691680589,5.9150955,5.184479106,4.855301061,6.378373839,6.026773767,5.584209664,4.063513182,3.517379555,6.536972061,3.61620392,8.539280437,8.0738662,9.614947448,10.53002031,8.619052913
GSM705625.CEL.gz,B-CELL_ALL_HYPERDIP,6.366668878,5.228903421,4.19745905,7.13141983,3.073329742,6.589566483,3.409756969,3.345191417,2.767300694,2.788622332,5.795349994,5.338274891,4.631519079,6.630481058,6.145018849,5.760066615,3.792249532,3.688685535,6.777307441,4.00136009,8.22669243,8.139744448,9.86698565,10.85055611,8.787314472
GSM705626.CEL.gz,B-CELL_ALL_HYPERDIP,6.788684927,4.9337552,4.569315662,7.345325269,3.002885711,7.332703156,3.641058193,3.45453136,3.382009855,2.945321542,5.502368928,5.440349968,5.05831636,7.404137043,6.849833775,5.860641387,4.109697595,3.839700325,7.323285909,3.90763807,7.679090356,7.850281142,9.848047204,10.9488642,9.007487103
GSM705627.CEL.gz,B-CELL_ALL_HYPERDIP,6.89695227,5.14062337,4.281214524,6.834720146,2.926607207,7.209445502,3.393354782,3.186722884,3.668674179,2.704816788,5.518825848,5.087596536,4.593413793,6.634554594,6.262431154,5.545472065,3.757861678,3.681807632,6.960752651,3.796672489,8.70423744,8.162994375,9.286946809,10.55523779,8.453361012
GSM705629.CEL.gz,B-CELL_ALL_HYPERDIP,6.363537418,4.923776415,4.260633717,7.629435453,3.191611758,6.132977715,4.031900273,3.316946577,3.173304099,2.94843084,5.677635446,5.302233896,5.497901169,7.193380229,6.735939322,5.558904737,4.293291317,4.087753249,7.216888595,3.842741036,8.129348739,7.924553429,9.524758035,10.78663714,8.169019503
GSM705630.CEL.gz,B-CELL_ALL_HYPERDIP,6.78330667,5.268263246,4.846309113,7.381321369,3.092081291,6.768814368,3.709879695,3.621394216,3.293781771,2.976969248,6.195007565,5.251766044,5.314902683,7.288621414,6.747892639,5.458421281,3.946758544,3.787550175,7.509188215,4.024015425,8.569884392,7.786809142,9.439755403,10.58467606,8.360228106
GSM705631.CEL.gz,B-CELL_ALL_HYPERDIP,6.648236395,5.148937834,3.932978609,7.125770488,3.043173953,7.292054689,3.444990447,3.177153043,3.295047663,2.715788764,5.634402684,5.060414533,5.007665796,6.746673955,6.15924454,5.660129193,3.978214765,3.866280783,6.928433538,3.891467053,8.811922821,7.959272079,10.37440871,11.1089755,8.872449624
GSM705632.CEL.gz,B-CELL_ALL_HYPERDIP,6.40186334,4.766745862,4.654034901,6.914945613,2.889293577,7.436228073,3.781955293,3.084856966,4.755931552,2.53790276,5.415405666,5.289653099,4.326641626,6.540814098,6.124128692,5.933761634,3.825149765,3.890972555,6.885242364,3.592910254,8.06035473,8.072155115,10.14017154,10.97498964,8.912511592
GSM705633.CEL.gz,B-CELL_ALL_HYPERDIP,6.197829922,5.673162618,4.661297158,6.895702077,2.907403097,7.056328142,3.680178282,3.628714425,3.670866068,2.91334349,6.009438903,5.25863931,4.911125762,6.755111601,6.299692608,5.447754252,4.256538345,3.678260809,6.947317305,4.413077341,8.977721721,8.642122167,9.589705542,10.71405603,8.345123869
GSM705634.CEL.gz,B-CELL_ALL_HYPERDIP,6.513975916,5.262825859,4.198697689,7.176820539,3.047261631,6.7220901,3.657990342,3.273812478,3.496866566,2.81040586,5.538598589,5.235141864,5.045271426,6.899000242,6.272975453,5.569697573,4.101786542,3.947489608,7.217338032,3.853582263,8.22285053,8.178630968,10.40497015,10.91276578,8.488672519
GSM705635.CEL.gz,B-CELL_ALL_HYPERDIP,6.710682975,5.710050119,4.389073323,6.696596258,2.982122589,7.172712775,3.486680079,3.266627235,3.228219495,2.578716191,5.487002647,5.311628839,4.814904054,6.815137694,6.151631075,5.462495751,4.301363349,3.675083503,7.097762178,3.885164787,8.961721944,8.490361313,9.613689966,10.6740939,8.691010376
GSM705637.CEL.gz,B-CELL_ALL_HYPERDIP,6.669341005,5.313495456,4.310426195,7.005832252,2.90531179,7.341392777,3.335274146,3.192971729,3.39340298,2.706285479,5.551294788,5.615251816,4.892198902,6.751033795,5.738074425,5.75608146,3.916841341,3.615344236,7.041515552,3.947470995,9.105397899,9.042124729,10.19472661,11.00733402,8.921878898
GSM705639.CEL.gz,B-CELL_ALL_HYPERDIP,7.226375774,5.057549765,4.297361978,7.665075922,3.06763216,7.102724025,3.820106123,3.435041847,3.74223909,2.763565788,6.031603945,5.326965843,5.51273214,7.076499733,6.716755715,5.552121851,4.002581821,3.914750538,7.170483702,4.058592343,8.489261268,8.024574351,9.644105867,10.87812219,8.154714537
GSM705640.CEL.gz,B-CELL_ALL_HYPERDIP,6.939009022,5.327509676,4.121718449,6.963475524,3.041973606,6.714664305,3.402047745,3.359563239,3.432429341,2.709214323,5.660577419,5.233350629,5.215763865,6.572662574,6.16235348,5.580246355,4.018035138,3.760816159,7.151407406,3.976715428,8.705118972,8.757895775,9.917447605,10.91724148,8.653392954
GSM705641.CEL.gz,B-CELL_ALL_HYPERDIP,6.487112881,5.081591883,4.338611876,7.496228495,3.205519207,6.947380132,3.860224688,3.361476291,6.122326377,2.995903346,5.616678935,5.382577573,5.466818042,7.101397518,6.611981826,6.142069655,4.294235527,3.861393489,7.539997347,3.862868928,8.091611726,8.25458585,10.07562633,11.22923363,8.334392309
GSM705642.CEL.gz,B-CELL_ALL_HYPERDIP,6.772448773,5.135803429,4.324546918,7.2705428,3.098528433,6.927662584,3.594342398,3.387460078,3.51428841,2.909160664,6.233004303,5.439822875,5.360860179,6.809639314,6.472906462,5.713285997,4.036210572,3.91793178,7.534788269,4.309223186,7.211155608,9.005597024,9.942944605,10.56427773,8.483664253
GSM705643.CEL.gz,B-CELL_ALL_HYPERDIP,7.163789788,5.474766472,4.515742922,7.206474459,2.939380822,6.973361941,3.57990403,3.386574469,3.640102856,2.815260893,5.746310453,5.45610115,5.189334949,6.941638993,6.460727726,5.546466259,4.086594606,3.839534664,7.099521681,4.105631682,8.812822266,8.369012665,9.42785739,10.90224146,8.275990132
GSM705644.CEL.gz,B-CELL_ALL_HYPERDIP,6.428792601,5.104551637,4.422892124,6.956047005,2.988050651,6.87146253,3.475345463,3.15765173,3.74874571,2.844680916,5.678168498,5.259840452,5.079574905,6.857450519,6.269169113,5.560763643,4.178405409,3.841090852,7.162991361,3.834865869,8.91494061,8.49262809,9.664358544,10.75654598,8.664470117
GSM705645.CEL.gz,B-CELL_ALL_HYPERDIP,7.279181919,5.094994171,4.559987726,7.481713346,3.065667505,6.442178097,3.718980285,3.504086337,3.633110671,2.970387187,6.483026277,5.322758439,5.47064282,7.327871971,6.859298209,5.515543036,4.342017693,3.882946394,7.766024567,4.074338867,8.437483281,8.287846264,9.491976485,10.91201649,8.116668598
GSM705646.CEL.gz,B-CELL_ALL_HYPERDIP,6.776440945,5.087969398,4.180501926,7.031682093,3.036025844,7.478057994,3.458184318,3.279289591,4.293390713,2.824229542,5.445688696,5.198317581,5.215466044,6.691989855,5.940805573,5.807547605,3.946510877,3.850854187,7.269396356,4.21353245,8.906269418,8.140074702,9.829151351,10.74832039,8.324366081
GSM705656.CEL.gz,B-CELL_ALL_HYPO,6.143839526,5.155369534,4.341832291,7.110495705,3.108109072,8.048669125,3.581813113,3.38298517,3.597481855,3.119293262,5.64276704,5.397708932,5.153025645,7.004417478,6.423170931,5.818809503,4.2550987,3.840602846,7.455672373,4.315244382,8.507956516,8.974217891,9.907989217,11.20089164,8.684963334
GSM705666.CEL.gz,B-CELL_ALL_HYPO,6.973148224,5.441211542,4.273608885,7.122270161,2.963591805,7.575881312,3.443889862,3.421510799,3.453543328,2.755933926,5.601433381,5.178246698,5.083792438,6.791229249,6.163962102,5.359798164,3.953958024,3.97341468,7.069178299,3.886477991,8.566552094,8.369742503,9.997869337,10.92897513,8.759047555
GSM705675.CEL.gz,B-CELL_ALL_HYPO,5.497296624,5.409847907,4.02840424,6.859078412,3.022273371,7.660534436,3.422855869,3.231350841,5.221606489,2.887518072,5.421631426,5.132313037,4.982574828,6.535140292,6.089332947,5.852041669,4.101964054,3.911579075,6.952930418,4.124741173,8.507623568,8.670961613,10.00214116,11.10749615,8.826632145
GSM705676.CEL.gz,B-CELL_ALL_HYPO,6.397480342,5.292505601,4.216019923,7.491388648,3.158538289,7.105211994,3.722349603,3.687401062,3.556996275,2.925701196,5.574922622,5.445148153,5.464270679,7.185423127,6.598250117,5.527155345,4.145295156,3.933700265,7.481341488,4.241557433,8.125186793,8.374945995,9.94839477,10.9863074,8.602839205
GSM705677.CEL.gz,B-CELL_ALL_HYPO,6.888008488,5.148833586,4.272668987,7.498149049,2.953397696,7.60181339,3.590711723,3.301982928,3.613216233,2.983332223,5.98574074,5.43540068,5.162175131,7.101114558,6.525604171,5.682449621,4.119457487,3.782785055,7.351370166,3.969782942,8.272258238,8.337490137,10.13367404,11.14027627,8.645968229
GSM705678.CEL.gz,B-CELL_ALL_HYPO,6.462668274,5.317511499,4.567925464,7.79797219,3.236819456,7.567710846,3.707888453,3.554596509,3.375653755,3.238413461,6.129746008,5.448994328,5.522151022,7.380431617,6.88548404,5.797847003,3.960302023,3.997407706,7.541047266,4.006807156,7.472009024,8.401101064,9.38654681,10.73052332,8.717040514
GSM705679.CEL.gz,B-CELL_ALL_HYPO,7.117069674,5.505217364,4.209801042,7.01338558,2.961683599,8.521493726,3.390456467,3.318556782,4.145311917,3.116591402,5.356910915,5.434185477,5.209426306,6.701864059,6.100029534,5.9272388,4.037918058,3.703864555,7.180510414,4.154282219,8.82367254,8.705596232,9.92009017,11.12549187,8.865903971
GSM705680.CEL.gz,B-CELL_ALL_HYPO,6.577287038,5.423719905,4.503707314,7.810856411,3.174527273,7.157414005,3.660263759,3.48925214,3.85612212,2.880333953,5.737530613,5.455432488,5.450833378,7.388377039,6.996245172,5.732710348,4.012026065,3.956922923,7.167780147,3.838792417,7.230142518,8.472393299,9.891888187,11.23168942,8.30912684
GSM705682.CEL.gz,B-CELL_ALL_HYPO,6.070311846,5.886105761,4.326892446,7.207632385,3.076554191,7.954663383,3.637454985,3.40095486,3.517907189,2.833525352,5.554443591,5.379307897,5.187797264,6.749318302,6.268726316,5.54493701,4.139642937,3.700067947,7.299621906,3.989929087,8.603236016,9.119323217,10.04096477,11.0984859,9.064398946
GSM705683.CEL.gz,B-CELL_ALL_HYPO,6.596452139,5.044377771,4.206616391,7.199430751,3.111828601,7.108452649,3.667296683,3.233731315,3.70944831,2.952798308,5.557197885,5.319883577,5.415378462,6.813057959,6.220758842,5.77394144,3.856381049,3.943457227,7.21990758,3.866495264,7.710256931,7.474556101,10.36489378,11.14512682,8.598207134
GSM705714.CEL.gz,B-CELL_ALL_HYPO,6.763945253,5.366487163,4.289286929,6.871336911,3.021532893,7.13445294,3.534008572,3.254899971,4.403707968,2.834689686,5.732984561,5.343886762,4.995753732,6.629618637,5.906136552,5.574893453,4.065321913,3.705985479,7.185359717,4.374934799,8.404828573,8.285006466,10.27978683,11.0461482,8.793483507
GSM705718.CEL.gz,B-CELL_ALL_HYPO,6.917173391,5.252306703,4.439452237,7.007973932,2.990254903,6.826532542,3.615331164,3.381506206,5.28029537,2.926506,6.065929105,5.386942522,5.239913992,6.993828181,6.30005984,5.832403499,4.171529931,3.951907457,7.599001475,4.331338159,7.973816014,8.282815011,10.15481572,10.79468264,8.412457982
GSM705763.CEL.gz,B-CELL_ALL_HYPO,6.941215595,4.839058875,4.326023787,7.29875292,3.0580483,6.446479901,3.654728192,3.409381362,3.118299649,3.034062838,5.73108694,5.213451852,5.430759986,7.312542661,6.456070318,5.346570846,3.998286954,4.484979693,7.436080596,4.420261149,8.818877705,7.840721641,9.535758048,10.66974216,8.593637204
GSM705764.CEL.gz,B-CELL_ALL_HYPO,7.065390566,4.674376887,4.499013184,6.970796415,3.04850011,5.963640127,3.460728106,3.319409293,3.487269131,3.013677763,5.520545196,5.367315308,5.214067007,6.719838882,6.237939079,5.157359534,3.840520044,3.953981928,7.245097691,4.362605262,8.026530644,9.029245386,10.09229755,11.4529936,9.841807006
GSM705766.CEL.gz,B-CELL_ALL_HYPO,5.988589894,5.232249091,4.203697039,7.131427657,3.354844935,7.598206734,3.519281703,3.388400363,4.291569023,2.931634623,5.531263558,5.345205217,5.203673725,6.690481818,6.235570892,5.412869011,3.82313417,3.804060713,7.081222415,4.339210581,8.6423598,8.803082872,9.923567809,11.22821507,9.061684792
GSM705819.CEL.gz,B-CELL_ALL_HYPO,6.399481058,5.591621705,4.136989067,6.838433214,2.970793965,7.333857106,3.215770745,3.3054982,5.628860059,2.744801779,5.517970861,5.364468658,4.732551314,6.562413729,5.951512062,5.444646308,3.935797625,3.799336564,7.004047858,4.467601028,8.66317454,8.939890729,10.00553525,10.91886322,8.793496113
GSM705823.CEL.gz,B-CELL_ALL_HYPO,6.590709138,5.175188019,4.129028291,7.042503997,3.011675432,7.874219505,3.414944581,3.062263007,6.455392252,2.88517096,5.401108587,5.187605031,4.997630692,6.977451312,6.105564611,6.236508863,3.887626837,3.728731735,6.914028304,4.116623505,8.555143112,8.79332612,9.928343632,11.11252097,8.799272185
GSM705981.CEL.gz,B-CELL_ALL_HYPO,6.354503662,5.225067281,4.643601921,7.703102747,2.950419636,7.293563885,3.747082817,3.340886304,3.393453137,3.030438598,6.155229008,5.464165981,5.673887142,7.459859039,7.061170552,5.506340569,4.153842213,3.777783508,7.575083691,4.108431704,7.656579108,8.106571784,7.928061444,9.632743371,7.163016486
GSM705686.CEL.gz,B-CELL_ALL_MLL,5.946041842,5.018126651,4.470378164,7.124487859,2.923808679,6.189055998,3.548809174,3.388241439,3.002918911,2.758735247,5.492929205,5.518956065,4.828256805,6.797140335,6.252220174,5.342725349,3.995685395,3.911394149,7.100701099,4.02557504,8.397025305,9.096044731,10.21933085,10.85529572,9.163025077
GSM705688.CEL.gz,B-CELL_ALL_MLL,5.355492284,5.854953102,4.187176093,6.71453365,2.927823713,7.295174454,3.224823181,3.161354573,3.11572592,2.713792966,5.223066763,5.51974369,4.740786181,6.300157896,5.823495409,5.583556784,3.659737129,3.757637773,6.836809571,3.909549288,8.667942169,8.551080953,10.24422613,11.35228361,9.715530028
GSM705689.CEL.gz,B-CELL_ALL_MLL,6.190657922,5.151406589,4.410180288,7.517845426,3.134722178,6.65945248,3.722933929,3.336439142,3.237006922,2.823941538,5.909306819,5.291824028,5.479409622,7.065691733,6.669854257,5.738660592,3.839449998,4.103272496,7.037777397,3.9315303,7.58247999,9.039872497,10.06360881,10.7400111,8.856317394
GSM705690.CEL.gz,B-CELL_ALL_MLL,5.758778882,5.505510654,4.585385776,7.343524966,3.113387612,7.31123469,3.651701107,3.389408752,3.981081226,2.765042081,6.266243506,5.711427597,5.06136893,6.934707313,6.475390244,5.780573998,4.468879994,3.914709701,7.409852011,4.054251837,8.57864011,9.240102552,9.816692266,10.92933044,9.484694407
GSM705691.CEL.gz,B-CELL_ALL_MLL,5.857404487,5.915208199,4.273321703,7.008673841,2.933498633,7.75085548,3.347870408,3.226721461,3.577403946,2.724936371,5.512200611,5.443347143,4.740708685,6.756117463,6.174018724,5.647012747,4.152979926,4.545488192,7.159970556,4.444601678,8.64716387,8.707223249,10.14860552,11.08466106,9.609479738
GSM705692.CEL.gz,B-CELL_ALL_MLL,6.293534316,5.172899054,4.207406155,7.040420473,3.091002333,7.355948377,3.434065839,3.083822187,3.883295209,2.930457453,5.373714531,5.348039049,4.779478989,6.732362865,6.043236509,5.590303071,3.744271773,3.748443946,6.952640679,4.202011305,8.728407431,8.774384186,10.04310631,11.32869733,9.127977209
GSM705693.CEL.gz,B-CELL_ALL_MLL,6.217962465,4.862921415,6.678337021,6.883176073,2.893241268,6.62365611,3.403478867,3.334113672,3.624110309,2.809657602,5.757977533,5.360753376,4.892890365,6.347037666,6.202436453,5.465107717,3.841150863,3.660878573,6.780780853,4.013971485,8.314803526,8.665523874,9.678383632,10.798904,9.204619697
GSM705695.CEL.gz,B-CELL_ALL_MLL,6.443531107,5.161076463,4.408628106,7.429400624,3.18006545,7.741026037,3.840857975,3.436777063,3.555603873,2.819648264,6.372295336,5.346135127,5.436220453,7.1309493,6.653973334,5.502369614,4.165308961,3.883400031,7.152428167,3.906983334,8.036676111,7.910891545,8.860880802,10.73731979,8.588142299
GSM705698.CEL.gz,B-CELL_ALL_MLL,5.691795499,6.000694347,4.244461301,7.050067959,2.862347614,6.984176688,3.353180409,3.26273255,4.21263155,2.679469964,6.465448514,5.376767041,4.884851964,6.70770359,6.26351097,5.662487279,4.284289804,4.195930557,7.197035122,4.404544254,8.813477196,8.95842089,10.21724683,11.14909868,9.470702109
GSM705699.CEL.gz,B-CELL_ALL_MLL,5.339154523,5.33246567,4.261533777,6.892205862,2.978090108,7.347347321,3.411498455,3.248169864,3.149345031,2.844157183,5.346980076,5.461739823,4.945172958,6.684526522,6.202967014,5.707991987,4.184833537,4.800579245,7.01456291,4.075662307,8.743464186,8.571904521,10.17905232,10.97138844,9.591142833
GSM705700.CEL.gz,B-CELL_ALL_MLL,5.832131105,5.085861472,5.319898523,7.395177939,3.062546881,7.143669233,3.871634675,3.365525049,3.170351272,2.97534537,5.528335844,5.485062294,4.976537725,7.322196112,6.659046651,5.705767708,3.837618381,3.821748356,7.347672033,4.419023666,7.907593449,8.570712334,9.796918951,11.1808268,8.791501308
GSM705701.CEL.gz,B-CELL_ALL_MLL,5.837095017,5.051078732,4.268672626,7.060369842,2.948390222,7.081526207,3.419183946,3.279973741,3.129940338,2.819910347,5.456263873,5.544847525,5.093132952,6.682294955,6.194340023,5.434442621,3.406642106,4.193188415,6.714424889,3.661104141,8.193135463,8.730692677,10.15557906,10.93349006,9.426614583
GSM705702.CEL.gz,B-CELL_ALL_MLL,5.787759575,5.209185013,4.433096482,7.00707384,2.905741492,7.200191864,3.388791022,3.089396337,3.127724665,2.783266205,5.438905365,5.404182804,4.772466624,6.764658454,6.281741552,5.542981491,3.953007991,3.900364116,6.824160112,3.918295344,8.516268085,8.557089445,9.927244962,10.6872997,9.57946253
GSM705703.CEL.gz,B-CELL_ALL_MLL,5.858689732,5.075129007,4.515568009,7.647077289,3.055886405,6.466947973,3.758837422,3.762883874,3.486970962,2.784148871,5.433044193,5.14449897,5.08741346,7.102681436,6.527666805,5.627757708,3.524780116,4.196289255,6.987225247,3.648882029,7.738670122,8.05807978,10.06634189,10.73377289,9.232161942
GSM705704.CEL.gz,B-CELL_ALL_MLL,6.610566388,5.479003364,4.445832198,7.141522285,3.235420675,6.958929091,3.527483979,3.284636156,3.299861157,2.793989954,5.848845382,5.431570464,5.051470509,6.885862521,6.467730218,5.54521306,3.931335477,3.643574663,7.123676936,4.074020066,8.415073082,8.598048514,9.805333231,10.96778859,9.139105672
GSM705706.CEL.gz,B-CELL_ALL_MLL,6.198393058,5.066759882,4.461817439,7.664364238,3.196225443,6.987642169,4.050437985,3.388167742,3.32629664,3.077809832,5.736372381,5.493489012,5.309048003,7.194955125,6.816838593,5.595327729,3.916921674,4.227008385,7.086856993,3.756788413,7.873157089,7.592517743,9.742527877,10.73052332,8.932097877
GSM705707.CEL.gz,B-CELL_ALL_MLL,5.940269154,5.320308322,4.505498045,7.267958192,2.923565175,6.857912366,3.41878805,3.500722089,3.415482679,2.693967268,5.936199507,5.597459055,5.000008069,7.036539485,6.436520137,5.654180847,4.17504122,4.004474025,7.407931276,3.971713221,8.393572782,9.020199206,10.25166178,10.88593535,9.587578388
GSM705853.CEL.gz,B-CELL_ALL_T-ALL,5.440117345,5.645169761,4.325638665,6.688093271,3.005962346,6.509085559,3.309592042,3.002259312,3.564709459,2.794137915,5.331203276,5.272640695,4.972587499,6.290246587,5.985788376,5.393208259,3.777418418,3.757842765,6.746445171,3.712787917,8.555674174,7.915724011,9.89039792,10.94164836,9.096145783
GSM705854.CEL.gz,B-CELL_ALL_T-ALL,6.287081701,5.549941245,4.494254655,7.046616327,3.085025804,6.573580239,3.482660819,3.355339511,3.076446027,2.759325723,5.257097209,5.351876552,5.056585302,6.834702438,6.12982488,5.554800777,4.035994914,3.717522876,7.111788976,3.975044203,8.415342271,8.108434096,10.35405004,11.00956633,8.594261061
GSM705855.CEL.gz,B-CELL_ALL_T-ALL,5.326124893,4.991161978,4.249641178,6.751765426,2.937729255,6.468192968,3.387059694,3.210300634,3.114909799,2.809903294,5.113186927,5.193235422,4.342697137,6.567008399,5.837208609,6.271639929,3.500738358,3.861159878,6.45637245,3.460362559,8.280530708,8.705596232,9.84785114,10.85645981,9.150806787
GSM705856.CEL.gz,B-CELL_ALL_T-ALL,5.966720882,5.452664904,4.343025253,7.006115135,3.042568102,6.434509862,3.336066462,3.217532367,3.531501383,2.866765978,5.351443705,5.101026988,4.918518832,6.794644916,6.255626983,5.736461976,4.049879838,3.777706633,7.169335384,4.106850513,8.161629043,8.613943411,10.16003152,11.42293802,9.397973367
GSM705857.CEL.gz,B-CELL_ALL_T-ALL,5.567738141,5.05705854,4.007755346,6.891840447,2.875986408,6.721597415,3.293225125,3.49177064,2.867478856,3.085957466,5.702822935,5.073209053,4.830389007,6.604190223,6.12520211,5.607194255,3.812378032,3.929829217,6.809645071,4.058703856,8.273482267,9.146459348,10.37776164,11.35605846,9.111555213
GSM705858.CEL.gz,B-CELL_ALL_T-ALL,6.006630914,5.117734034,4.296036152,7.18766404,3.067475292,7.242878367,3.550799995,3.272815952,3.098281949,3.030169869,5.402862547,5.401039515,5.176211575,6.767467214,6.32905885,5.626176687,3.654796338,3.8192226,7.009793051,3.932685266,8.484124088,8.603863359,10.57538424,11.07099013,8.80744372
GSM705859.CEL.gz,B-CELL_ALL_T-ALL,6.438321772,5.434977987,4.405949357,7.118875858,2.945389613,6.857766567,3.663478094,3.320961229,3.432734139,2.915403169,5.575192558,5.282258557,5.310818834,6.962170759,6.424042545,5.562186562,4.044468345,3.504246982,7.297939654,4.397573858,8.495263448,7.953241324,9.995500572,11.02287335,8.56934886
GSM705860.CEL.gz,B-CELL_ALL_T-ALL,6.489385132,5.289099115,5.156143198,7.183700912,2.930983207,6.782874978,3.537671877,3.21352675,3.414162171,2.886207033,5.573282178,5.226268385,5.372931077,6.84693603,6.319296719,5.507759649,3.989103875,3.768622502,7.089885453,3.917949654,8.434326778,7.882871872,9.740785163,10.97200859,8.728274659
GSM705861.CEL.gz,B-CELL_ALL_T-ALL,5.741592016,5.549471313,4.758223547,7.005947764,3.112892014,7.117142996,3.625510529,3.487961473,3.811223939,2.956646261,5.526777685,5.662642948,5.22732243,6.624655879,6.31107924,5.358656086,4.414906769,3.646401879,7.399859523,4.335476116,7.933359628,8.363559007,9.664797699,11.16081997,8.253883419
GSM705862.CEL.gz,B-CELL_ALL_T-ALL,5.817951754,5.162327493,4.361924432,7.154823864,2.912192816,7.135444987,3.482250325,3.189095249,5.83906735,2.933816374,5.537253136,5.428564437,5.049155747,6.71501822,6.250698076,6.171197689,3.966702051,3.835755677,7.445564671,4.06595207,8.339613581,8.591888718,9.668349521,11.10834957,8.941081853
GSM705863.CEL.gz,B-CELL_ALL_T-ALL,5.913872797,5.687789686,4.412276519,7.318431723,3.017096755,6.676218867,3.40985236,3.269379239,3.232773282,2.631243623,5.390689457,5.321619764,4.996117935,6.815316545,6.182504986,5.592946297,4.222869659,3.874803396,7.384821186,4.528358171,8.888278811,8.4410378,10.40497015,11.16152562,9.369207475
GSM705864.CEL.gz,B-CELL_ALL_T-ALL,6.1657948,5.630265137,4.35057448,7.084701903,2.937230072,6.694034895,3.395720558,3.306021667,3.364242709,2.79681291,5.243900442,5.321323125,4.84823708,6.869126945,6.237274975,5.918325064,4.014471316,3.627693245,7.078796627,4.360551701,7.993666906,8.059988729,9.970969589,11.11057613,8.957108796
GSM705865.CEL.gz,B-CELL_ALL_T-ALL,5.615770424,5.075864023,4.864327647,6.796906329,2.852407064,6.449037921,3.515844111,3.64328816,3.247922027,3.05409126,5.803501843,5.608420268,5.215039474,6.710159854,6.132364144,5.511533222,4.069786341,3.807626467,7.218793402,3.965366661,8.363974195,8.55033196,9.910485178,10.92159974,9.327668261
GSM705866.CEL.gz,B-CELL_ALL_T-ALL,6.53855645,5.39982872,4.232571951,6.920023584,3.105252101,7.279565568,3.331602672,3.342929715,3.219635956,2.886584195,5.345836074,5.299976293,5.062712108,6.633713685,6.021562202,5.940288275,4.234838977,3.696943519,7.227561319,4.727896315,8.770890652,8.614187145,10.24671936,11.27066581,9.147069888
GSM705867.CEL.gz,B-CELL_ALL_T-ALL,6.231565205,4.962326901,5.094084665,7.344747698,2.987299396,7.336384261,3.722849518,3.332203712,3.696476536,2.950387443,5.474148765,5.407869772,5.26295728,6.778648605,6.413660813,6.025832757,3.893661272,3.971293334,7.451321202,3.805784526,7.971568307,8.693510727,9.417823078,10.88750533,8.523277736
GSM705873.CEL.gz,B-CELL_ALL_T-ALL,6.177688744,5.000132721,4.278608734,7.02832356,2.858879268,7.15200501,3.43037385,3.266507702,3.54015439,2.959695429,5.29969705,5.386044296,4.985239463,6.71320875,6.172594877,6.363747639,4.06625652,3.722539535,6.988837393,4.001084526,8.297693686,8.866669468,10.05077508,11.2229741,9.081110673
GSM705874.CEL.gz,B-CELL_ALL_T-ALL,5.632231447,5.134855422,4.241609891,6.988749129,2.931573703,6.692423051,3.35567606,3.239637141,3.757076867,3.08226066,5.246146015,5.423488697,4.919073587,6.609368476,6.15226245,5.667293082,4.13154036,3.783256035,7.186902557,4.267201555,8.503757955,8.809254497,10.46385677,11.03257083,9.113237868
GSM705875.CEL.gz,B-CELL_ALL_T-ALL,6.329478083,5.508460474,4.4533066,7.368456267,2.952938689,6.413945685,3.651434275,3.294380875,3.759403818,2.883003889,5.623022559,5.339987389,5.29968935,6.887777488,6.401542217,5.725684714,3.874271753,3.746936176,7.145503007,3.781446619,8.301400915,8.222916055,10.4432178,11.36151842,8.986351664
GSM705876.CEL.gz,B-CELL_ALL_T-ALL,6.316345003,5.465972774,4.37785508,7.135441143,3.038465526,6.884293081,3.465651713,3.327854363,3.220112278,2.749098199,5.420616411,5.374205655,5.050610248,6.796172826,6.250533355,6.040166595,3.81056154,3.622388238,7.061598983,4.002185003,8.307302393,8.629171681,9.979626934,11.23154647,8.869809466
GSM705877.CEL.gz,B-CELL_ALL_T-ALL,5.914015803,5.473595322,4.303607068,7.038243099,3.004091875,7.322222837,3.395128536,3.334698737,3.734158063,3.991962811,5.519193013,5.36545081,5.230647877,6.557173837,5.98544212,5.548591277,3.891699514,3.828297664,7.145108008,4.134570732,8.634111153,8.965355246,10.27130105,10.86652111,8.871459726
GSM705879.CEL.gz,B-CELL_ALL_T-ALL,6.243455676,4.877768404,4.358721379,7.19274235,2.903494607,7.64072462,3.550971961,3.356070978,3.43629686,3.169229448,5.52949931,5.568476397,5.048901845,6.846594759,6.26393303,5.71749394,4.170391509,3.689055112,7.348981415,4.050168255,8.209994301,8.446756742,9.978531072,11.15121792,8.873083931
GSM705880.CEL.gz,B-CELL_ALL_T-ALL,6.529654264,5.064621564,4.468071114,7.348725731,3.143802362,6.776427258,3.64356218,3.434452666,4.056310031,2.733660393,5.61938426,5.383603102,5.434453251,7.046087478,6.612484166,5.845988123,3.993432697,3.9009999,7.515400735,3.843929248,7.810133741,8.026410532,9.735723575,10.87619339,8.087238175
GSM705881.CEL.gz,B-CELL_ALL_T-ALL,6.097196004,5.310785976,4.400397803,7.170516825,2.974033445,6.478407258,3.593419851,3.281381288,3.684748732,2.841585935,5.589848179,5.439311454,5.187667924,6.901714459,6.142829681,5.766829471,4.028844657,3.828224247,7.302071819,4.453530137,8.374274177,8.294250347,10.15070065,11.21869072,8.909282108
GSM705882.CEL.gz,B-CELL_ALL_T-ALL,6.267052165,5.176918686,4.378086653,7.158827248,3.039438091,6.659648858,3.508311124,3.302668683,3.309498307,2.894082755,5.663794697,5.405361458,5.22366277,6.996124464,6.281645926,6.016244171,4.253126565,3.564648257,7.416652272,4.615552891,8.361412626,8.49893703,9.973574647,11.23587489,8.852712411
GSM705883.CEL.gz,B-CELL_ALL_T-ALL,6.521621531,5.052474361,4.350486517,7.398529722,3.030351738,7.727239463,3.703926988,3.353085674,3.427509634,3.152137117,5.414733833,5.342871793,5.214075473,6.899106565,6.656004029,5.738638548,4.213732472,3.816659313,7.378858805,4.091846544,8.436596631,7.686184692,9.333556982,10.96891279,8.386779632
GSM705884.CEL.gz,B-CELL_ALL_T-ALL,6.433349438,4.91900701,4.634914892,7.529500869,3.037076108,6.667618761,3.609055252,3.35409457,3.057504938,2.851701402,5.711851676,5.583603215,5.603882681,7.159312563,6.74669086,5.839004851,4.302568151,3.736391601,7.637383598,4.183623535,8.011528735,8.372797187,9.829151351,11.15576765,8.766016449
GSM705885.CEL.gz,B-CELL_ALL_T-ALL,6.012023859,5.174803142,4.551566773,6.870346826,2.858698949,7.100119735,3.770751137,3.527546562,3.642009304,2.796337355,5.728863397,5.415658973,5.373988837,6.859356104,6.10300028,5.905746887,4.096463206,3.649253317,7.308777917,4.452728463,8.453382782,8.103854881,9.754586935,11.0703147,8.584850877
GSM705886.CEL.gz,B-CELL_ALL_T-ALL,5.975278195,4.814475731,3.951930978,6.809208447,3.106030295,7.419364938,3.310497449,3.220468599,3.246204701,2.787069358,5.266146273,5.228513735,4.865270958,6.46383334,5.781593827,5.895303338,3.822650078,3.837383537,6.863959322,3.778668897,8.386799415,8.228979672,10.01284543,11.25503471,8.830781214
GSM705887.CEL.gz,B-CELL_ALL_T-ALL,6.555399163,5.081182826,4.145543647,7.319335274,3.056618637,6.134177047,3.604088433,3.300110457,3.348910701,2.815275954,5.708319607,5.304056725,5.211131081,7.02220341,6.456945397,5.539605195,3.950184823,3.66230972,7.56830091,4.372227311,8.130832145,7.970869568,9.941491116,10.9220294,8.870102789
GSM705888.CEL.gz,B-CELL_ALL_T-ALL,5.815635688,5.207945354,4.36928027,6.758855113,2.886565178,7.465085913,3.546629762,3.18823647,3.475746455,3.474199977,5.13172946,5.437697115,5.078681829,6.53137591,6.024184909,6.061655216,3.91343918,3.880059521,7.006954733,3.868616235,8.23345059,8.679663857,9.566082935,11.17953059,8.700945574
GSM705891.CEL.gz,B-CELL_ALL_T-ALL,5.745694487,4.775037536,4.160837453,6.966043244,3.002721751,7.804226208,3.639252654,3.129670879,3.521260503,3.032202667,5.233979493,5.465746012,5.001432029,6.587437356,6.236757061,5.596653314,3.73314525,3.95290764,6.872198359,3.595203866,8.401972087,7.885806245,10.13523776,11.02505545,9.085717102
GSM705893.CEL.gz,B-CELL_ALL_T-ALL,6.04083705,5.156041751,4.276023593,7.054453666,3.039994047,6.663397667,3.515177525,3.221436219,3.140243339,2.869667684,5.339922442,5.384382831,4.987730271,6.828008786,6.332947047,6.023632235,4.139344202,3.69638194,7.123947959,3.617726231,8.489258864,8.527763626,9.74077201,10.99947415,8.942242823
GSM705896.CEL.gz,B-CELL_ALL_T-ALL,6.003641327,4.979147711,4.269150267,7.018884699,3.059079501,7.123426064,3.487427891,3.284443848,3.131939904,2.644018651,5.360611002,5.322429765,4.929666974,6.940832211,6.29171036,6.027120405,3.93533254,3.857729389,7.160027763,4.257090669,8.423909324,8.605397483,10.36076775,11.16140306,9.379796242
GSM705897.CEL.gz,B-CELL_ALL_T-ALL,6.141726356,5.391436217,4.239395128,7.077793618,2.996405176,5.832948835,3.584160614,3.483894279,2.988037591,3.042069545,5.39790385,5.300152602,5.11841595,6.941138283,6.189444024,5.641015196,4.012206065,3.782012675,7.264901902,4.62370712,8.098197168,8.144669139,9.966937414,11.25349152,9.292930034
GSM705898.CEL.gz,B-CELL_ALL_T-ALL,5.818736609,6.096988224,4.465243877,6.913536108,2.996377042,6.889912355,3.512901465,3.204059732,3.490854308,2.885592052,5.402774508,5.294740849,5.101652064,6.667846586,6.002826398,5.865491459,3.938519129,3.763281372,7.190150673,4.429363675,8.720336513,8.864937283,10.50008571,11.36972291,9.153994675
GSM705899.CEL.gz,B-CELL_ALL_T-ALL,6.334150618,4.728797944,4.671577454,7.306942871,3.214412334,6.875900987,3.563044717,3.265180279,7.617985625,2.81877604,5.550345013,5.495988451,5.363032832,7.086053236,6.458798805,6.107933182,4.056566462,3.897990876,7.224215544,3.915598876,7.818703155,8.99887151,9.687788659,11.03345391,8.482948262
GSM705900.CEL.gz,B-CELL_ALL_T-ALL,6.470559514,5.478919865,4.216261529,6.71620041,2.934168914,6.581672499,3.260053356,3.072316887,3.596032655,2.802293976,5.304814145,5.304846716,4.927293033,6.344598401,5.903678116,5.627767607,3.766725198,3.649091305,6.916400465,4.852441621,9.083433551,8.188360989,10.26180896,10.84954957,8.738560058
GSM705901.CEL.gz,B-CELL_ALL_T-ALL,5.882842166,5.458393817,4.502788868,6.827756906,3.05491356,7.277788112,3.376556694,3.52957276,5.639087656,2.973850585,5.603868343,5.509858914,4.848673492,6.657835038,6.176089972,5.589497175,3.81825742,4.08151319,6.965472789,3.664811685,8.037595879,8.317597929,10.17573761,10.96978709,8.885872551
GSM705902.CEL.gz,B-CELL_ALL_T-ALL,5.857969212,5.3127569,4.388039024,7.256374598,3.071134896,6.512656332,3.498210504,3.490135088,3.392727699,2.919712364,5.750215882,5.28858195,5.192823296,7.079097653,6.428825506,5.678632948,4.152359632,3.733693351,7.429248021,4.473854514,8.170128048,9.194364717,9.950642322,11.29124452,8.785802103
GSM705903.CEL.gz,B-CELL_ALL_T-ALL,6.072858306,5.482765511,4.57913071,7.333620613,3.05941481,6.741496896,3.624276526,3.472708935,3.267457496,2.915362304,5.524372074,5.559544477,5.291178823,7.220118473,6.518482138,5.760745734,4.395949108,3.740923771,7.520132112,4.157143125,8.542558523,8.407267118,10.18414704,11.08368272,9.07691096
GSM705904.CEL.gz,B-CELL_ALL_T-ALL,5.897768872,5.146098714,4.245620863,6.819271417,3.104002675,7.462057767,3.423751521,3.304482732,3.39691992,2.8079616,5.325412662,5.323929423,5.028657347,6.684992238,5.959105958,6.045425198,3.627073272,3.690452355,7.1643383,4.178661478,8.549359513,8.368307822,10.32583182,11.55611739,9.27562021
GSM705905.CEL.gz,B-CELL_ALL_T-ALL,5.852110917,5.097223435,4.267826377,7.090422143,2.979277818,7.7367658,3.646026363,3.297437265,3.724923178,2.903967734,5.582803509,5.534742133,5.188944002,6.91882501,6.164558236,6.600802164,4.370340228,3.751924608,7.481672919,4.251161205,8.096643547,8.109793492,10.03285335,10.94315926,8.197475862
GSM705906.CEL.gz,B-CELL_ALL_T-ALL,6.249188595,4.996775359,4.594470996,7.180001981,2.876444002,6.834758002,3.365303989,3.233717963,4.59059205,2.905993993,5.505566444,5.289548351,5.159648639,6.898310827,6.177917571,6.093657197,3.898563716,3.966354464,7.244501222,3.880604086,8.43809986,8.56157332,10.1702248,11.28515876,9.227308391
GSM705931.CEL.gz,B-CELL_ALL_T-ALL,5.917006029,5.125500208,5.133328783,6.968293804,2.941369165,6.972526251,3.442051429,3.204841023,3.342141852,3.163192715,5.505396689,5.224724919,5.122927082,6.673145275,5.957261285,5.834354277,4.100735725,3.789439729,7.125072787,4.623703192,8.27704555,8.883526123,10.21397386,11.3361725,9.273072783
GSM705933.CEL.gz,B-CELL_ALL_T-ALL,6.210508676,5.804016008,6.381972794,6.989775115,2.895319018,6.559972686,3.418297805,3.294242192,3.222704246,2.874487724,5.362640154,5.122577539,5.039876745,6.499880532,6.019957661,5.451487553,3.780283596,3.644414007,7.010763752,4.057980691,8.436488834,8.716108399,11.0087513,11.09826239,8.758557101
GSM705934.CEL.gz,B-CELL_ALL_T-ALL,6.304803974,5.413507146,4.580226171,7.305465515,3.058724985,6.49472736,3.407162303,3.399882528,3.064713249,2.830752869,5.630846446,5.429355168,5.278025867,6.888269914,6.45362924,5.835925854,4.169197782,3.854726429,7.644413389,4.082655843,8.446146611,8.421744488,10.10600263,11.17008125,8.827774989
GSM705937.CEL.gz,B-CELL_ALL_ETV6-RUNX1,5.821639605,5.695746516,4.262146419,6.725874956,3.018730737,7.89325431,3.498942161,3.138600926,5.294209156,2.799422428,5.289104094,5.051701382,4.638646429,6.446786093,5.938688247,5.754332619,3.65327742,4.016759514,6.739091393,3.98979053,8.50835989,8.650234421,10.1177825,10.93913438,9.207754917
GSM705938.CEL.gz,B-CELL_ALL_ETV6-RUNX1,6.172088808,5.148317902,4.71082102,7.335186159,2.915947673,6.476940159,3.650307531,3.197105454,3.735220755,2.767176485,5.772364276,5.24137722,5.194686204,7.041964896,6.440943042,5.673503072,3.941855192,3.822239031,7.15618933,3.918853313,8.109746157,8.034166789,9.728392886,11.03937285,8.683294298
GSM705939.CEL.gz,B-CELL_ALL_ETV6-RUNX1,6.416417561,5.300711628,4.166211261,7.031739172,2.984202765,7.36225187,3.469652878,3.222925836,3.69335922,2.864590298,5.245408277,5.356810934,5.103631003,6.802241164,6.126275314,5.55813039,3.686155071,3.855285153,6.941978117,4.004864858,8.247322691,8.266933786,9.791401513,10.84701479,8.866634114
GSM705940.CEL.gz,B-CELL_ALL_ETV6-RUNX1,6.599521534,5.301554145,4.189693895,6.875468941,2.956985578,7.924495893,3.479050233,3.212150106,3.540326361,2.805043868,5.468204157,5.227784982,5.088502467,6.633300831,6.038056498,5.592331492,4.079724546,3.674907607,7.053931921,4.035648077,8.448229961,8.862729923,10.02057302,10.69527809,8.913836661
GSM705941.CEL.gz,B-CELL_ALL_ETV6-RUNX1,6.154025256,5.077187538,4.333064064,7.119993131,3.066135454,7.929152204,3.50665985,3.254796774,3.474787572,2.805037152,5.279714193,4.97884136,4.95460724,6.686679853,6.23753984,5.635913579,3.815252689,3.649905072,7.017929651,3.895495962,8.418066518,8.019664331,9.406264779,10.52273853,8.65349539
GSM705942.CEL.gz,B-CELL_ALL_ETV6-RUNX1,6.614095146,5.071597301,4.243173693,7.521263927,3.376319842,7.090524362,3.867298878,3.463033421,4.278393288,2.887983722,5.687591172,5.294550691,5.248774438,6.935772619,6.609950149,5.547479064,3.992301609,3.86259563,7.270307743,4.021104979,7.833906817,8.229938995,9.874629939,10.92544617,8.774995416
GSM705943.CEL.gz,B-CELL_ALL_ETV6-RUNX1,6.861579186,5.156071845,4.296872456,7.045792034,2.907274375,7.431573489,3.766643628,3.299906137,3.837850518,2.755942467,5.63788876,5.184099895,5.217829079,6.77238325,6.297851208,5.591454138,4.000476465,3.89208296,7.037190418,3.920416374,8.512802281,8.366844099,9.812899367,10.85679007,8.830796783
GSM705944.CEL.gz,B-CELL_ALL_ETV6-RUNX1,6.697649695,5.253306641,4.354585407,7.324151353,3.053304007,7.371421458,3.596907926,3.457812997,3.361628657,2.893194659,5.640851715,5.270410876,5.276924259,6.912124688,6.377096569,5.377667331,4.168742618,3.956420673,7.360809669,4.025359706,7.952265136,8.197446905,9.963412001,11.13005355,8.523407722
GSM705945.CEL.gz,B-CELL_ALL_ETV6-RUNX1,6.389885612,5.201308854,4.484122135,7.353336345,3.067973159,7.943485719,3.826187239,3.289444793,3.54232292,2.957396442,5.480956198,5.245515977,5.04393286,6.994495016,6.365840287,5.405294728,3.850545425,3.782645612,7.070316729,3.54552297,8.206756692,8.229480014,9.990693324,10.8249288,8.614993672
GSM705946.CEL.gz,B-CELL_ALL_ETV6-RUNX1,6.153647016,4.897165503,4.192745721,6.849224238,3.202076954,8.120610682,3.368490933,3.472461576,4.384643433,2.864890169,5.475649902,5.132238218,4.944157531,6.649928931,5.672479594,5.630849207,3.502505329,3.746797484,6.908832185,3.938446506,8.006971364,8.248964704,10.47024386,11.21325804,8.857970805
GSM705947.CEL.gz,B-CELL_ALL_ETV6-RUNX1,6.851810924,4.934313746,4.119663061,7.140017836,3.211994796,6.757644236,3.46940697,3.343122772,3.394335071,3.004493368,5.605138787,5.127781083,5.356639889,6.859007329,5.971971028,5.338746612,4.089682215,3.990838729,7.399706495,4.105743888,8.161120501,7.840712594,9.793808886,10.61229407,8.341714334
GSM705948.CEL.gz,B-CELL_ALL_ETV6-RUNX1,6.617782608,5.171504181,4.732887337,7.265002666,3.208857056,7.418625303,3.831123878,3.764349748,3.516589468,2.945273194,6.045392568,5.412831833,5.68353494,7.134150606,6.722003298,5.373629004,4.372529382,3.815838992,7.803082885,4.395683552,8.166616387,8.20496018,9.299640678,10.66426795,8.181434259
GSM705949.CEL.gz,B-CELL_ALL_ETV6-RUNX1,6.168864731,5.333714658,4.244251209,7.156158801,2.984567539,7.902659273,3.51269631,3.369223843,3.339896639,2.889933529,5.737063036,5.210447264,5.20168723,6.664156025,6.234694829,5.756079621,4.109681719,3.736936695,7.324458582,4.36144319,8.596317193,8.554784862,9.927376814,10.75482127,8.490571603
GSM705950.CEL.gz,B-CELL_ALL_ETV6-RUNX1,6.668929413,5.557152329,4.257331589,7.236290962,2.941755393,7.771904102,3.545936035,3.230737449,3.30001593,2.856573559,5.447375322,5.287272425,4.956250953,6.89123295,6.265028989,5.712221886,4.056328982,3.634136225,7.308612825,4.048146468,8.281364345,8.483143324,9.855885145,10.98624322,8.851723257
GSM705951.CEL.gz,B-CELL_ALL_ETV6-RUNX1,7.042967677,5.34612084,4.165430212,7.115792617,3.132675694,7.766166349,3.836268474,3.309588388,3.390264757,2.943346813,6.055582192,5.266133394,5.345792661,6.958393322,6.47102121,5.605795861,4.449557927,3.897762045,7.525651103,4.398631723,8.026917796,7.996339651,9.774218194,10.96621288,8.370737971
GSM705952.CEL.gz,B-CELL_ALL_ETV6-RUNX1,6.216297117,5.01917546,4.445058459,7.898316382,3.206208665,7.666554696,3.726176265,3.556695745,3.697087492,2.890276291,5.923776181,5.231954614,5.731580034,7.293918956,7.244347844,5.489778532,4.297224658,3.955178667,7.32057681,4.22756032,7.497424286,8.077193851,8.609282138,10.47690007,8.018128153
GSM705953.CEL.gz,B-CELL_ALL_ETV6-RUNX1,6.680488724,4.929652963,4.265620825,7.406611695,3.236199625,7.441173242,3.636380363,3.350418908,3.139018034,2.890112004,6.268808265,5.108897544,5.580777267,7.020908275,6.707015576,5.403341841,4.074471715,3.752195276,7.351035837,3.887016654,6.699430794,8.217193517,9.416329752,10.54162046,8.491284285
GSM705954.CEL.gz,B-CELL_ALL_ETV6-RUNX1,6.657183104,5.083859971,4.233003024,7.141030615,3.288815247,7.789684219,3.620005435,3.176124674,3.429220967,2.897153516,5.879465284,5.126816494,5.217293702,6.915503588,6.444607547,5.49046301,4.002698635,3.793177711,7.352442345,4.155290711,8.167812025,8.399067068,9.986582217,10.98740103,8.874644067
GSM705955.CEL.gz,B-CELL_ALL_ETV6-RUNX1,6.527201228,5.134532146,4.209963749,6.708375084,2.824294189,7.762113372,3.263275526,3.103555684,4.075403377,2.796944221,5.335617355,5.08800789,4.875674036,6.425513496,5.84668931,5.448650098,4.120148685,3.83268041,7.162462249,4.094665772,8.465024821,8.715702733,9.733563902,11.02347925,8.703579586
GSM705956.CEL.gz,B-CELL_ALL_ETV6-RUNX1,6.780165075,5.090031496,4.292916812,7.3242892,2.953048407,7.408016969,3.469198795,3.204271666,3.324090158,2.731437807,5.570867838,5.274009446,5.133529817,6.824428071,6.454822277,5.60975657,4.085143276,3.890415811,7.417391927,4.171969154,8.210844638,8.08233142,9.536824418,10.63622208,8.792026746
GSM705957.CEL.gz,B-CELL_ALL_ETV6-RUNX1,6.695597285,5.377437851,4.190710044,6.886492567,2.981150052,7.147154347,3.429094846,3.344161665,2.972829609,2.816849069,5.536011131,5.305686229,4.992813941,6.531325621,5.988039978,5.593403634,4.149757211,3.688708069,7.022058449,4.203314748,8.742689636,8.688881913,9.875678853,10.853956,9.068715578
GSM705961.CEL.gz,B-CELL_ALL_ETV6-RUNX1,6.506764524,4.938355949,4.208675897,7.225352903,3.041088923,7.56369701,3.504911362,3.531010571,3.389113734,2.752416354,5.571304829,5.339261843,5.510619873,6.809067638,6.433353763,5.723476141,3.987315362,3.946914071,7.325558828,4.062261167,8.955798702,8.581181864,9.535424132,10.72241657,8.362991758
GSM705964.CEL.gz,B-CELL_ALL_ETV6-RUNX1,7.15294451,5.112253171,4.291670852,7.162948388,3.0360136,7.616374443,3.526863614,3.415149345,3.409381387,2.970953076,5.575823895,5.304726686,5.311578663,6.855503085,6.180527952,5.348355675,4.034512033,3.804786179,7.206432949,4.36759918,8.607589576,8.19643525,10.0860753,11.01335314,8.91895424
GSM705965.CEL.gz,B-CELL_ALL_ETV6-RUNX1,6.442567013,5.137290263,4.348286405,7.096518077,3.036839744,7.578246463,3.691846913,3.700780565,3.94360504,2.99417127,6.019683616,4.981068969,5.672948644,6.807607641,6.236515249,5.176411668,3.829781434,3.820986923,7.565258774,4.476901503,8.269882547,7.905111436,9.74304615,10.80347744,9.198535639
GSM705966.CEL.gz,B-CELL_ALL_ETV6-RUNX1,7.191340198,5.20271098,4.270434886,7.104655171,3.078076205,8.125368059,3.552695681,3.263271733,3.803802054,2.880447253,6.198784073,5.365316246,5.193491508,6.739123253,6.486367771,5.788105655,4.03673519,3.83026142,7.220877859,4.058624264,8.17330701,7.947806498,8.797853212,10.3856944,7.970706735
GSM705968.CEL.gz,B-CELL_ALL_ETV6-RUNX1,6.481606393,5.122773307,4.251621632,6.764382546,3.027150525,7.036440226,3.375092509,3.233297426,3.513702166,3.0012609,5.383152854,5.188886154,5.157170265,6.553374274,5.932144545,5.252181041,3.84078462,3.740705588,6.989480244,4.190995892,8.875221088,8.345946367,10.47709145,11.07810469,9.051084054
GSM705973.CEL.gz,B-CELL_ALL_ETV6-RUNX1,7.209460758,5.044553225,4.314171703,7.337367816,3.083424485,7.997141135,3.689753421,3.360426459,3.299917974,3.021691542,5.620311,5.45045025,5.373878549,6.718013206,6.491994777,5.549475967,4.172005997,3.714488075,7.321713958,4.223867424,8.257769133,7.920903232,9.742695296,10.85861726,8.605993179
GSM705974.CEL.gz,B-CELL_ALL_ETV6-RUNX1,6.656890593,5.221998357,4.572635693,7.480974746,3.076601007,7.916339462,3.777817643,3.303670301,3.089550607,3.072272119,5.655973954,5.569656585,5.349561392,7.192937738,6.784868527,5.66808524,4.303509878,3.920969487,7.435894725,4.088768888,8.127365698,8.094665718,9.7971979,10.93218205,8.718277963
GSM705975.CEL.gz,B-CELL_ALL_ETV6-RUNX1,6.989210996,5.088708426,4.249449699,6.842681813,2.955424522,8.328546053,3.533796675,3.319434865,4.19092613,2.758714416,5.473673629,5.243121256,5.108135042,6.451666453,6.122290567,5.575994348,3.807539853,3.561456283,7.0228152,3.848898252,8.354458996,8.27204884,9.839629678,10.80120477,8.724848361
GSM705976.CEL.gz,B-CELL_ALL_ETV6-RUNX1,6.763649838,5.088571717,4.337274966,7.245041312,2.92004322,7.487045291,3.623310978,3.447781902,3.354955924,2.861997964,6.239810022,5.467533073,5.264062704,6.937219931,6.441828265,5.411155562,4.191233455,3.775963949,7.562999804,4.195570333,8.343970823,8.540384528,9.417659133,10.78831342,8.734578305
GSM705977.CEL.gz,B-CELL_ALL_ETV6-RUNX1,7.12631671,5.050224128,4.320847813,7.467654805,3.060808169,7.420589336,3.814439009,3.296356998,3.732529359,2.856860162,5.889108598,5.355893091,5.526788439,6.920178021,6.542128683,5.398099361,4.18389726,3.812804565,7.451780512,4.042393312,8.088423168,8.248100801,9.548128728,10.71638188,8.332116211
GSM705978.CEL.gz,B-CELL_ALL_ETV6-RUNX1,6.941396407,5.073719141,4.441396832,7.690713252,3.187619362,7.178993846,3.710438205,3.504616033,3.333137487,2.973615122,5.949702503,5.339057302,5.772397025,7.162745891,6.774073748,5.324043291,4.247942903,3.948559528,7.756929087,4.018679581,7.881141454,8.055466657,8.870480773,10.10339357,7.853987777
GSM705979.CEL.gz,B-CELL_ALL_ETV6-RUNX1,7.008357147,5.166980764,4.241283873,7.094294257,3.219431839,7.758487075,3.551110598,3.375762577,3.462299304,2.852587872,5.669659413,5.077679677,5.199169829,7.008605295,6.126906071,5.473589696,4.194544329,3.678627365,7.317932188,3.989610336,8.577543062,8.002486192,9.776376725,11.07239391,8.862889379
GSM705980.CEL.gz,B-CELL_ALL_ETV6-RUNX1,7.432117891,4.940025451,4.499952185,7.754983962,3.069701443,7.438380071,3.681321208,3.434269024,3.832469807,2.981759326,5.868252558,5.405849345,5.605774159,7.187402384,6.866362736,5.522045212,4.263034895,3.892690382,7.65917575,3.908097735,7.807265221,8.1656281,8.401748663,10.47928132,8.047347014
GSM705982.CEL.gz,B-CELL_ALL_ETV6-RUNX1,6.932913775,5.114423314,4.19646905,7.138281337,3.191597452,7.771882503,3.536416124,3.366324943,3.605811273,2.939092988,5.415540332,4.890370834,5.157991599,6.962738214,6.106895637,5.703941468,3.986240553,3.821735324,7.16693274,3.894361156,8.102487176,8.416905164,9.661737876,10.74451107,8.446103366
GSM705986.CEL.gz,B-CELL_ALL_ETV6-RUNX1,6.465297272,5.337274404,4.55159236,6.905318978,3.084391151,7.902370439,3.455997217,3.339083167,3.343842047,2.972058974,5.28923289,5.247254741,5.083485249,6.658228353,6.274983985,5.506594221,3.855865084,3.98197614,7.157358386,3.908678693,8.553412051,8.307555807,9.654461619,10.7703156,9.045045206
GSM705987.CEL.gz,B-CELL_ALL_ETV6-RUNX1,6.394947734,5.17195622,4.135208107,7.087611413,2.977740963,7.447909497,3.506259395,3.281612503,4.297645376,2.941036547,5.518456821,5.276687609,5.099038142,6.693331752,6.02069762,5.63675198,4.012203159,3.867096237,7.314088609,3.971749935,8.129883929,8.589646375,9.171095256,10.59500459,8.505118003
GSM705990.CEL.gz,B-CELL_ALL_ETV6-RUNX1,6.380394274,5.473340233,4.182470106,7.305947479,2.989447337,7.529347785,3.543299034,3.292630698,4.003858274,3.044213271,5.41139675,5.471130481,5.313741776,6.820262363,6.317466203,5.661507642,4.168878257,3.787313902,7.399915784,4.21778965,8.082246889,8.067797033,9.690746052,11.01590388,8.563108504
GSM705991.CEL.gz,B-CELL_ALL_ETV6-RUNX1,6.456967144,5.364923706,4.271539389,7.191100681,3.009408048,7.511318423,3.678009907,3.351817599,3.012870744,3.015387134,6.241710978,5.459763643,5.361928282,6.877020069,6.319653097,5.545321885,4.395289442,3.73836399,7.356138252,4.341502091,8.519458792,7.988417832,9.77875817,11.0280404,8.61336957
GSM705992.CEL.gz,B-CELL_ALL_ETV6-RUNX1,6.442622794,5.232631671,4.420703303,7.193870881,2.980029217,7.982377714,3.569311914,3.264826081,3.467979645,2.979686422,5.613617852,5.303266911,5.299748798,6.974099591,6.289415839,5.734017013,4.077035286,3.776922165,7.252640568,4.208883831,8.463883125,7.354149592,9.723696026,10.82332551,8.714596678
GSM705993.CEL.gz,B-CELL_ALL_ETV6-RUNX1,6.376967808,5.231721122,4.475715153,7.212834366,2.954437747,7.332839924,3.658087047,3.206813569,3.516592904,2.868192349,5.446591753,5.23103385,5.005534627,6.848711439,6.260581935,5.27195095,3.990967683,3.690882395,7.201679541,3.955051887,8.269912713,8.288603916,10.09380403,10.84133753,8.881921021
GSM705994.CEL.gz,B-CELL_ALL_ETV6-RUNX1,6.541049027,4.692773732,4.239008947,7.068419802,3.039448966,7.885560248,3.464905418,3.173500453,3.639643983,2.798038248,5.441353059,5.243290599,5.247433996,6.535975778,6.055813465,5.414612457,3.708444075,3.66209057,6.886001326,3.991114241,8.282632422,8.061407913,9.709787536,10.91770477,8.803609739
GSM705995.CEL.gz,B-CELL_ALL_ETV6-RUNX1,6.122801401,5.380578518,4.661842318,7.171340329,2.80887085,7.883838921,3.624014031,3.219325281,3.567453353,2.781223951,5.788657342,5.281116889,5.153321515,6.573729854,6.611130932,5.545846274,3.945605916,3.819947653,7.234861452,3.592686914,8.151495445,7.684381232,9.358733263,11.02136353,8.200702467
GSM705996.CEL.gz,B-CELL_ALL_ETV6-RUNX1,7.162094841,4.781607569,4.316307156,7.268068419,3.19691473,7.434416304,3.704009859,3.117481701,3.555027005,2.886941308,5.899461868,5.31664691,5.270254102,6.864637624,6.63232598,5.473373434,3.8804237,3.96656667,7.222437184,4.102861822,8.002495947,7.944178892,9.077187559,10.03877061,8.29815002
GSM705998.CEL.gz,B-CELL_ALL_ETV6-RUNX1,6.744906172,5.459537099,4.247147342,6.836503231,3.06128514,7.827904028,3.459148401,3.212297194,4.301729923,2.773305986,5.23226245,5.315973961,5.021326345,6.419562252,6.03771592,5.583449611,3.801528946,3.950874679,6.865384746,4.314654202,8.665193828,8.57636971,10.04226273,10.99017917,9.132105964
GSM705999.CEL.gz,B-CELL_ALL_ETV6-RUNX1,7.23920734,5.198849282,4.354197671,7.656610915,3.189420532,7.342146375,3.885479119,3.688743233,3.634948886,2.908405206,5.813178769,4.972886571,5.555727573,7.244395639,6.770760514,5.53307777,4.175229849,3.779450041,7.409908226,4.158978644,7.960156235,7.820077002,9.164182432,10.23842533,8.125731573
GSM706000.CEL.gz,B-CELL_ALL_ETV6-RUNX1,6.514433835,4.980737612,4.333740356,7.317766024,3.004757455,7.734053632,3.534085081,3.206763684,3.089355602,2.818737636,5.521220226,5.357049635,4.967198962,6.963896211,6.470056811,5.76816089,3.771284307,3.708136277,7.141050633,4.207047743,8.059462772,7.764264364,9.646907399,10.90784641,8.871926419
GSM706001.CEL.gz,B-CELL_ALL_ETV6-RUNX1,6.640746971,5.176165409,4.181748082,7.0270631,3.022537505,7.824809278,3.54366415,3.169662298,5.307971432,2.801827972,5.681918004,5.382331315,5.058917856,6.940532046,6.306795172,5.94168743,3.992189211,3.762865455,7.271583879,4.102962991,8.435466158,8.378905745,9.919639507,10.82946143,8.669997377
GSM706002.CEL.gz,B-CELL_ALL_ETV6-RUNX1,6.692887401,4.736594818,4.503892116,7.484208299,3.137376439,7.917992755,3.858845253,3.341846078,3.731237955,3.059977788,6.259931268,5.36942897,5.418836208,6.997499332,6.79765516,5.487822288,4.019086783,3.750083705,7.326854858,4.060769047,7.544676843,8.074359976,8.716445839,10.24960901,8.013272017
GSM706003.CEL.gz,B-CELL_ALL_ETV6-RUNX1,6.209499929,4.566412529,4.637307006,7.348777208,3.018984235,6.423441238,3.66999305,3.406886608,5.179208175,2.972267159,5.939635432,5.313416679,5.213840504,6.993916076,6.702295513,6.016455557,4.059595282,3.74203808,7.588199191,4.049397738,7.325935485,8.711128815,8.995102286,10.67546458,8.307335602
GSM706004.CEL.gz,B-CELL_ALL_ETV6-RUNX1,6.046964075,5.25246707,4.420043831,7.086734275,2.913080867,7.723025176,3.474380365,3.30923927,6.102405052,2.92130205,5.624926212,5.358542701,5.119200008,6.77529477,6.214883492,5.806700139,3.789646658,3.94885986,7.300579494,4.135672542,8.547487409,8.27797797,10.18883639,11.08848168,9.012183317
GSM706005.CEL.gz,B-CELL_ALL_ETV6-RUNX1,6.347402936,4.903981137,4.281019365,6.989414561,2.968945086,7.618195184,3.492828104,3.266248278,5.192810726,2.871212133,5.741356458,5.205491834,5.052727315,6.59746286,6.118049798,6.056222692,4.034164691,3.697684375,7.423452233,4.102813602,8.142479128,8.904729754,9.995876238,11.14337353,8.642840467
GSM706007.CEL.gz,B-CELL_ALL_ETV6-RUNX1,6.687363395,5.136351297,4.182961411,6.969701271,3.006954845,8.051687766,3.558775427,3.378041401,3.292589671,2.748134526,5.297893796,5.226105122,5.237805694,6.546879589,6.056350032,5.952505509,3.836388252,3.837762937,7.102471567,3.793406032,8.266302247,8.072395204,9.522022093,10.73239293,8.881897301
